cell_id,cycle,height_mean,height_std,height_median,roughness_mean,roughness_std,roughness_median,length_mean,length_std,length_median,wideth_mean,wideth_std,wideth_median,adhesion_mean,adhesion_std,adhesion_median,elastic_modulus_mean,elastic_modulus_std,elastic_modulus_median
0,P4,3.3932499999999997,0.04210872518661777,3.41,100.3265,19.411069895131597,101.02000000000001,69.569,0.48740883088128034,69.63,27.670499999999997,0.7929058814525873,27.675,457.755,5.7407568728944005,454.95,3.15435,0.3720898695915163,3.09
1,P4,3.3192,0.07033274299245083,3.333,123.045,15.316708283165116,123.6,102.2,0.8117557319914964,102.3,24.9635,2.216717048629395,24.46,517.6899999999999,9.52668827419499,515.8,3.0423999999999998,0.0880253551989126,3.0525
2,P4,2.3021000000000003,0.033297542188417885,2.309,122.33999999999999,13.21742868536205,120.7,96.265,0.5876671094922199,96.46000000000001,36.133500000000005,0.5071621250178614,36.120000000000005,519.86,12.041349810679788,516.3,2.30075,0.25203526799991594,2.34
3,P4,2.90625,0.04647565859786434,2.928,115.4,30.187623814718293,116.05000000000001,77.1185,0.27938419124172703,77.065,24.0195,0.4301343119489408,23.975,523.015,6.6145990847995835,520.65,2.5566,0.17834484632454708,2.5454999999999997
4,P4,2.73455,0.05743323354809019,2.7430000000000003,115.57000000000001,18.818946220288353,117.0,98.853,0.3219856158931781,98.8,26.122000000000003,0.38678975657257736,26.15,524.345,3.313048365732697,524.8,3.757,0.20079054286809228,3.7649999999999997
5,P4,2.3415,0.06355395552723603,2.354,127.1655,34.42517231925682,118.25,103.44500000000001,0.4285532577601562,103.55,24.9065,0.36795701980129775,24.85,463.16999999999996,8.350928092134433,459.95,3.05865,0.24183797860290035,3.084
6,P4,2.2954499999999998,0.08736762919742602,2.3405,116.62,19.133673815663595,110.75,84.0805,0.5837760475423794,84.13,20.9945,0.25159438952827484,20.97,469.03000000000003,2.3976084575654717,468.75,3.9767,0.37903479912452404,3.894
7,P4,3.05855,0.08381337350892985,3.0495,108.93499999999999,16.27048587247215,108.1,95.43,0.46297663917421567,95.34,37.277,0.7688070047328611,37.230000000000004,503.18,9.852790147172062,500.55,2.55675,0.11015294391268703,2.544
8,P4,2.4383,0.043288627411340916,2.4505,128.84949999999998,25.961256249508256,126.75,97.4255,0.3441002760824273,97.43,15.6155,0.8076051341042717,15.5,496.325,4.590708579637555,495.35,3.091,0.23688260472447656,3.051
9,P4,3.31815,0.07423169630853159,3.319,105.57000000000001,13.75255382982031,102.55000000000001,93.8245,0.699191073952418,93.70500000000001,26.684500000000003,0.5091528051060578,26.67,514.075,3.3721576725326923,513.2,3.34275,0.7861185041910532,3.5395000000000003
10,P4,2.9043,0.041163473844506464,2.9065,112.44000000000001,15.821351329603198,109.25,100.043,0.5870362671482631,99.95,30.565500000000004,0.36338286319412155,30.54,519.705,5.2908535775380825,518.25,2.4483,0.29661300322846695,2.3645
11,P4,3.1389,0.05903424519093276,3.1525,112.86500000000001,16.97252501141648,110.2,79.7645,0.37405987418284187,79.75,34.298,0.36624122048036684,34.285,492.6,9.682594258717407,491.45,2.51905,0.370664336023848,2.5395000000000003
12,P4,2.9669499999999998,0.08462143252217633,2.973,117.10499999999999,10.585664337852595,114.35,97.9595,0.5097933017668191,97.985,22.6,0.5136146415358505,22.59,429.65,14.44894824072528,426.95000000000005,3.7909999999999995,0.14554507350320234,3.7615
13,P4,2.0041,0.08205255055530938,2.0145,119.52000000000001,14.051356930166827,115.05,107.125,0.5485627153130144,107.15,33.2725,0.46263404885275966,33.235,474.12,10.008922335386037,474.9,2.98775,0.14478836642711163,2.9805
14,P4,2.4530000000000003,0.021376327290277414,2.4495,110.995,12.59454664778204,109.95,111.55999999999999,0.4121828924665676,111.55,20.116,0.47183181660194806,20.15,443.20500000000004,5.754675444687066,442.1,3.4903500000000003,0.37561756516856076,3.5170000000000003
15,P4,3.01215,0.18764756298640525,3.0525,110.71400000000001,20.714939790554926,106.85,110.74000000000001,0.756306816047562,110.7,29.641000000000002,0.3973186444947653,29.725,485.0,1.6858544608470538,485.0,3.1593,0.12519799056736192,3.128
16,P4,3.3145000000000002,0.08110843943368913,3.3440000000000003,111.8355,9.262712161076111,108.55000000000001,95.715,0.6710988632165316,95.655,29.3485,0.3586271337372999,29.354999999999997,486.0,8.331045299929281,484.95000000000005,2.9915499999999997,0.18884649154384903,2.974
17,P4,2.18465,0.03418413759564346,2.1745,119.85999999999999,12.160263155047263,121.44999999999999,94.74,0.41014759859296673,94.75999999999999,31.336000000000002,0.33940195080542285,31.39,517.39,4.542767531153798,517.0,8.2674,0.4172614225360903,8.35
18,P4,2.2733,0.0391409060487335,2.2765,118.465,19.807369043390207,113.15,104.85499999999999,0.559581610622944,104.8,31.1315,0.5014849003341559,31.215,523.745,4.377511309312435,524.75,2.55585,0.14305768987222942,2.5525
19,P4,2.5994,0.07321518392993838,2.6355,136.02,20.367197569673284,133.0,114.75,0.5286527066142087,114.65,34.620999999999995,0.2798853148589351,34.665,562.0600000000001,2.507126684179772,561.5999999999999,3.08955,0.175637627847194,3.1224999999999996
20,P4,2.62565,0.07569834525063429,2.6535,126.24000000000001,14.167843501171387,129.15,65.372,0.49282857060036556,65.25999999999999,22.8565,0.3914786409445477,22.9,510.43,8.7499233079346,509.85,1.9896,0.1827585119336729,1.9165
21,P4,2.53285,0.09596231442328629,2.565,132.245,50.57146558662253,113.15,77.4025,0.21884565577738427,77.38,24.855,1.801629379493083,24.21,518.9100000000001,8.057353620663621,514.9000000000001,3.0011,0.15340071364686783,3.005
22,P4,2.33135,0.06162900462060287,2.346,131.825,30.546545588141736,126.15,94.66900000000001,0.35898834462827567,94.66,20.6665,0.24917284214608382,20.725,504.16499999999996,3.728873824628558,503.4,3.45955,0.22587408579024512,3.494
23,P4,3.53945,0.07494873686657252,3.5475000000000003,101.795,13.546153658783306,103.7,89.7895,0.33783326625640764,89.92,33.606,0.2670383374802404,33.67,526.155,21.383502617918495,518.15,3.6279000000000003,0.2746214427937215,3.6
24,P4,2.1134500000000003,0.01655763458824654,2.1155,129.81,15.65801963683047,122.30000000000001,113.915,0.38151360602074036,113.9,24.744999999999997,0.2659145094119326,24.755000000000003,373.99,14.146708748717915,374.6,2.17865,0.10873496266272023,2.1905
25,P4,2.86715,0.050815740412633904,2.879,167.075,6.71446788266713,167.7,81.0965,0.37760010871987054,81.195,31.485500000000002,0.3504354434129059,31.525,609.8230000000001,9.747477460456368,608.6500000000001,1.06155,0.0674883810662797,1.0419999999999998
26,P4,1.5192,0.1623085430835196,1.509,126.125,13.99826587004337,125.3,76.4495,0.39086240680402445,76.39500000000001,15.5375,0.24806355297743718,15.489999999999998,490.495,14.046144816657925,487.15,1.3945500000000002,0.08245858609661362,1.4005
27,P4,1.0241500000000001,0.015218669282721304,1.02,127.915,17.56663329335356,123.94999999999999,75.59450000000001,0.3782156861675079,75.55,19.6435,0.23802421371740556,19.655,495.89,12.675085383289705,492.75,1.0603,0.04018653872550909,1.059
28,P4,1.6095,0.02799718030915186,1.609,94.6575,15.695121560200597,88.52,98.5155,0.3365064322525928,98.43,26.444,0.33742679517972946,26.345,481.035,9.01783466832605,482.15,2.5721499999999997,0.16002969296845793,2.553
29,P4,1.6179,0.04337704947380164,1.6265,175.755,13.076232959880027,176.95,90.833,0.3306468938627028,90.75,17.7625,0.22407411837674643,17.835,489.28000000000003,14.899650296143479,486.35,1.4301,0.07753498361520769,1.44
30,P4,1.10755,0.04085336422402757,1.122,109.51500000000001,8.858375459951658,107.4,87.7675,0.3751052483882624,87.75,26.1325,0.4558494095757128,26.189999999999998,493.52,11.286909044972132,488.6,1.10235,0.09126783891959211,1.093
31,P4,2.9237,0.027775604593353594,2.9240000000000004,137.898,35.87101272175362,127.64999999999999,80.3775,0.3557922960025065,80.485,22.4495,0.42115724029468016,22.525,376.18,6.67986763184328,373.7,1.2067,0.07876086391229176,1.2265000000000001
32,P4,1.83845,0.04783246530173943,1.851,91.8505,24.057007836649834,87.225,89.2165,0.39491871248864013,89.3,24.8525,0.4206996052942497,24.84,316.875,10.296492760056447,315.29999999999995,1.63445,0.05131068935519442,1.6404999999999998
33,P4,1.97585,0.07086404700477329,1.976,101.62,16.86592953108035,103.75,101.32000000000001,0.4348018302387213,101.4,18.442500000000003,0.23440574359767524,18.445,379.21,9.077844631733601,378.5,6.01325,0.4830752229752958,6.077999999999999
34,P4,1.45695,0.03186397900286057,1.4665,163.865,12.373497782293455,166.95,83.00750000000001,0.33897484769289554,83.03,27.176,0.1592217916849589,27.175,577.01,27.635596800617787,567.8,3.6069000000000004,0.25512182848282716,3.6405000000000003
35,P4,2.38675,0.06800841666177879,2.4154999999999998,138.79500000000002,26.033853971926234,139.35000000000002,106.475,0.4127889737409418,106.5,37.090999999999994,0.3473948155841362,37.010000000000005,517.765,12.34824833092148,518.3,2.8066500000000003,0.0839356112868981,2.8175
36,P4,1.5843500000000001,0.03253868143415897,1.5905,134.745,15.714273598764981,131.7,73.813,0.37148492921190956,73.835,25.5335,0.2555134150356047,25.575,516.645,7.6823430499322205,515.7,2.1115,0.05253419938728631,2.109
37,P4,2.6125499999999997,0.12737655530789516,2.6144999999999996,107.644,18.50076055335649,103.25,81.566,0.30018240069032354,81.53,27.651999999999997,0.27976682019891214,27.725,443.04499999999996,1.8437590320920678,443.0,1.93825,0.09468611580541146,1.9215
38,P4,1.7919,0.09350198421761735,1.814,107.85499999999999,10.956635816757462,104.1,64.614,0.34028471051536646,64.705,16.3245,0.17464173854524354,16.25,517.355,3.3711586326240788,516.5,2.0235,0.21821850469076562,2.034
39,P4,2.5667,0.0863457553889258,2.583,141.79000000000002,26.614299678338735,132.0,102.965,0.34224491076912794,103.0,25.830000000000002,0.8264763504751587,25.64,408.445,4.950861169108806,409.20000000000005,1.5237500000000002,0.10773108577427999,1.552
40,P4,2.3526499999999997,0.0554334831363823,2.3495,115.56800000000001,37.30586698602443,114.55,111.58,0.289464114674359,111.6,27.6975,0.3756100301334381,27.75,495.46000000000004,5.771928438116414,494.85,2.4069,0.15100083652609,2.4135
41,P4,1.9994,0.022986036951524236,2.001,93.053,25.79239037104998,81.87,83.3795,2.0987301298391716,83.0,26.118000000000002,0.25184790731918405,26.134999999999998,498.34499999999997,7.9318462044171625,495.35,3.5959000000000003,0.13447398496206964,3.6305
42,P4,1.9420000000000002,0.2226954493425825,1.9929999999999999,147.60999999999999,20.956443551227615,149.7,107.88499999999999,0.3313052337267498,107.85,36.481,0.2366854452643832,36.474999999999994,400.185,5.194356755678532,399.1,3.4749000000000003,0.09885284118590802,3.5015
43,P4,2.27095,0.05015604597023603,2.2735000000000003,73.301,4.957131916956143,73.255,83.2095,0.34755499375525,83.27,19.07,0.2280120033774767,19.045,493.355,1.3873393695544767,493.3,2.4169,0.20280659700678802,2.436
44,P4,1.94005,0.06698898181201535,1.9369999999999998,112.52000000000001,17.3317961531613,108.9,77.491,0.2791698219250879,77.445,19.351,0.24797920116519054,19.235,493.48,5.278416828039094,493.35,1.8857,0.15281950137335218,1.8465
45,P4,1.5536999999999999,0.08407146083134154,1.579,149.70499999999998,14.016249028970101,151.4,111.27000000000001,0.33261325732353264,111.3,30.1495,0.31396404420352275,30.16,396.185,3.4741564671003022,395.25,3.7351,0.10144166070365661,3.7300000000000004
46,P4,2.1628,0.046769985877134615,2.1790000000000003,126.4615,17.390840382526843,128.65,92.76599999999999,0.26464275821129823,92.78,19.5145,0.2480126270130111,19.455,464.90500000000003,3.712067802239204,465.1,2.54995,0.3798324388186815,2.6185
47,P4,2.2183,0.26227147446069976,2.2984999999999998,97.30499999999999,15.580415338021742,95.115,83.361,0.38388457695126493,83.36,19.6345,0.2997801826250967,19.67,471.875,6.142250144865899,468.7,2.214,0.2378092999819282,2.1775
48,P4,2.38205,0.054390861267989504,2.3964999999999996,98.85,15.253829545051097,93.28999999999999,97.72200000000001,0.294325276558184,97.775,18.5275,0.20753883593451236,18.52,399.71999999999997,3.5791207388348725,398.5,3.06325,0.42125437683186157,3.0475000000000003
49,P4,2.07505,0.07218650916385377,2.0815,145.035,15.56680932726995,139.75,98.5845,0.2405142516840897,98.65,24.441499999999998,0.31108088303441933,24.395,463.34,3.4641623883172157,462.54999999999995,3.6759500000000003,0.2332059119499785,3.7845
50,P4,1.6634,0.014210448342866003,1.6655,106.30499999999999,17.890793721911837,106.55000000000001,88.556,0.2064078741868055,88.505,31.4295,0.6469806390985908,31.305,497.14,2.959800846785412,496.55,1.8981999999999999,0.2074673341440578,1.8675000000000002
51,P4,2.41465,0.04958594346660843,2.4295,122.05999999999999,16.370139696539262,126.0,86.4395,0.1453661438900886,86.445,22.225,0.13351522680755776,22.21,438.79499999999996,3.2376851704818166,438.35,4.69955,0.17258848988882564,4.689
52,P4,2.0902000000000003,0.07186068392895276,2.1,152.915,12.173754124085315,150.05,100.207,0.3473523919746705,100.25,34.0515,0.6879050959635596,33.97,472.93999999999994,2.516764840655144,471.95,1.46145,0.1104857575960764,1.437
53,P4,1.48355,0.04553480450218972,1.487,76.01849999999999,5.201487919715605,74.19,106.345,0.3034451307376948,106.4,29.8145,0.23780741876790343,29.83,458.8,1.530393826163017,458.35,3.08115,0.15964706963206463,3.076
54,P4,2.08845,0.021934051873261945,2.0975,116.915,22.147383711471612,106.35,92.39099999999999,0.3695074958288198,92.455,30.7195,0.3653185344038087,30.675,487.16,3.932375738325188,487.1,3.66995,0.21102418793763159,3.765
55,P4,1.88495,0.01363229524637029,1.887,119.9,23.91729169670477,115.15,97.275,0.3261820608833477,97.28,19.806,0.26350671618325855,19.84,512.01,4.261442799902635,512.5,3.4603499999999996,0.12331016733595428,3.4935
56,P4,2.37575,0.05125670687822234,2.396,107.37,17.892400621492907,102.9,100.1385,0.3525736205315675,100.2,30.717000000000002,0.4293091144961554,30.705,471.18,6.358467210197589,470.3,1.6698499999999998,0.12247417558085671,1.689
57,P4,1.8657,0.06433555127528426,1.892,155.95999999999998,28.74963432261723,151.6,105.415,0.3360372786337565,105.4,32.385000000000005,0.22827730135909177,32.41,481.45500000000004,7.538635573881357,479.95,2.02915,0.1001862870120616,2.032
58,P4,1.4285,0.02177758383969024,1.441,122.705,31.76006222650672,125.45,95.3145,0.21092465604171418,95.32,29.391000000000002,0.23016927409374635,29.44,509.57,1.6332402408128792,509.4,1.7757999999999998,0.03772978719931067,1.7774999999999999
59,P4,2.1606,0.03312718711746871,2.1715,81.2115,10.845640538216749,81.39,76.856,0.18164163677561665,76.85499999999999,37.471,0.37954127436600316,37.45,529.7149999999999,6.6064780807612555,529.75,1.95325,0.10957711776115533,1.9765000000000001
60,P4,1.8928999999999998,0.012426203214006651,1.894,121.33,29.734440424672886,122.6,115.74000000000001,0.3118704184348692,115.7,52.0835,0.45531105619645923,52.019999999999996,594.96,6.596123263346681,593.1,1.3537,0.10182963067894593,1.3094999999999999
61,P4,1.7776,0.012377398757412629,1.7805,121.63,25.03839367640698,118.0,100.1515,0.2691169771092513,100.1,28.81005,0.21952112354898962,28.775,508.675,2.948126077429696,508.25,3.5521000000000003,0.20797973079377866,3.5949999999999998
62,P4,2.28665,0.027298110595886736,2.293,124.67550000000001,24.773414543778472,122.1,93.111,0.41161939497038535,93.06,29.977999999999998,0.22995651762887742,30.020000000000003,534.97,10.94950611719664,532.35,2.29725,0.32125393710468814,2.3594999999999997
63,P4,1.3241,0.030452551530813318,1.329,116.30499999999999,29.599226074519695,114.1,93.77799999999999,0.33785079235475435,93.72999999999999,24.595,0.8114022949255976,24.41,448.70500000000004,6.26783560393016,446.75,2.4657,0.22978802588930783,2.476
64,P4,1.576,0.019783033666569753,1.5755,129.9635,18.665772581188055,128.7,97.40799999999999,0.21507893287912447,97.39,25.647,0.21265489710598645,25.625,438.77,3.7305425032320487,440.15,2.8965,0.11867713831187002,2.87
65,P4,2.2317,0.08139901719308414,2.2545,103.5885,8.487684127140053,103.69999999999999,95.59,0.36330355583755475,95.5,26.6385,0.25188290930509755,26.655,491.91999999999996,5.121636251700891,493.3,1.2875999999999999,0.07618080985047142,1.2639999999999998
66,P4,2.37275,0.030714089000943638,2.386,121.564,17.795938152759522,125.00999999999999,90.5495,0.2323671097298611,90.53,30.624000000000002,0.3318591965213407,30.605,438.7,6.599601263872335,436.8,3.5058999999999996,0.36102527976802246,3.52
67,P4,1.3107,0.021635983672430685,1.314,97.837,12.597429604152545,97.5,99.94449999999999,0.472289775009945,99.925,29.5245,0.42188143757271584,29.455,437.31000000000006,2.3413671220037138,437.4,3.3785499999999997,0.24997420393228367,3.298
68,P4,1.8875,0.03433810220670175,1.893,87.89,11.859524264888273,87.1,99.643,0.35092509322166215,99.69999999999999,36.751999999999995,0.2660747817319114,36.76,334.945,12.784508512052243,338.04999999999995,3.4363,0.035878596463776745,3.438
69,P4,1.1075,0.019688361509972545,1.1125,112.80999999999999,15.386798853152278,109.4,86.4365,0.23430243613532456,86.46000000000001,28.72,0.3944349722938124,28.715,499.11499999999995,3.2669436867861052,499.85,2.1602,0.15524025522429824,2.1574999999999998
70,P4,2.4638999999999998,0.05623063409322633,2.4715,101.74,11.246959823132556,103.45,100.481,0.47106709769025545,100.5,27.692,0.1939506176975551,27.75,463.08000000000004,1.7243152721862403,462.65,2.63445,0.17667140923789917,2.6715
71,P4,1.9284500000000002,0.03359898964646347,1.931,99.95,10.075060402065247,100.85,117.67,0.34197568396167133,117.7,31.460500000000003,0.2678663256571324,31.46,479.895,5.133530128376315,479.65,4.2335,0.09341052572269096,4.216
72,P4,2.218,0.04313381870168096,2.225,132.775,11.562592816128173,135.95,115.48499999999999,0.27772572611727675,115.5,28.5585,0.21536444020604523,28.56,517.95,3.594513362861425,519.5,3.93715,0.14822219274134568,3.9615
73,P4,2.33595,0.03134439427763089,2.3375000000000004,142.645,13.057140615488205,141.45,102.60499999999999,0.2625281939746266,102.55,32.8505,0.41817240211991163,32.83,515.645,2.987249218718955,515.55,2.07355,0.09354620305102258,2.0534999999999997
74,P4,1.5555999999999999,0.042788832778264875,1.557,121.1115,5.213498951355937,120.875,116.36500000000001,0.28520537383288924,116.35,29.3185,0.21916768394133798,29.265,525.3399999999999,11.454642818755351,527.4,1.2267,0.05862557372629152,1.214
75,P4,2.0679,0.22338470474898112,2.1205,123.5385,13.673141661474032,123.05,128.365,0.24978938496682238,128.4,24.442,0.26331090288658215,24.475,531.6400000000001,3.2350709745732535,531.95,1.3732,0.21279409370513433,1.297
76,P4,1.96085,0.018241869133224405,1.9655,105.04,10.772010514584354,103.35,124.71,0.3492849839314635,124.65,24.434,0.2546493977795233,24.325,507.925,5.183463077295356,505.75,2.1784,0.06001175323481046,2.162
77,P4,1.5660500000000002,0.02795951019825481,1.5725,92.44500000000001,13.69180219578201,94.91,97.1125,0.4157412530332853,97.13,22.453,0.22083811646590895,22.47,474.87,3.991715104273377,474.55,0.8660500000000001,0.023286488063162098,0.8714999999999999
78,P4,2.5829999999999997,0.027811394862727185,2.59,104.127,16.90568079545733,100.35,96.5845,0.2636479909991611,96.655,33.796499999999995,0.42502352876047134,33.71,462.995,5.7648184341700865,461.45000000000005,3.55,0.1850780774074609,3.6085000000000003
79,P4,1.7138000000000002,0.02694165235428119,1.7189999999999999,99.176,9.54048349210656,96.88,105.55999999999999,0.41345781939764703,105.45,30.472500000000004,0.2001282483545825,30.46,526.845,5.438892592392246,527.3499999999999,2.87605,0.1557624625410183,2.8289999999999997
80,P4,1.9897500000000001,0.03792079696031266,2.0035,131.215,18.21082023644763,123.95,110.1,0.549641031181165,110.2,24.148500000000002,0.20734601134589578,24.17,472.26000000000005,3.267769237488158,471.75,1.542,0.20064134012815274,1.4505
81,P4,2.0353000000000003,0.04768879378461549,2.0605,99.1275,17.297244646718188,97.05,121.755,0.27042850986419303,121.75,26.4615,0.29996973531551935,26.445,512.74,5.689362187913758,512.7,2.0797999999999996,0.14974068813856348,2.0675
82,P4,1.9677,0.013405026551339074,1.972,108.16400000000002,12.617830908761825,106.5,111.755,0.49786385794977506,111.65,29.555,0.4726131165072939,29.490000000000002,498.58000000000004,2.977034907774064,497.45,2.29965,0.29979647043321,2.2910000000000004
83,P4,3.08605,0.0792035851129029,3.081,74.2545,8.80819563038639,71.405,98.765,0.3266013182040637,98.715,36.5745,0.2207993850105846,36.54,487.075,5.467595930860089,488.25,5.48095,0.3704568268048462,5.3225
84,P4,2.5111,0.033659127173847836,2.516,69.2125,17.80785896141009,63.92,103.255,0.3136793535477012,103.25,32.2995,0.32854503816868486,32.394999999999996,495.61499999999995,14.910938231626124,497.85,2.9863,0.1477622913223875,2.9495
85,P4,1.34815,0.033354988579789586,1.357,130.22,13.680897169718843,125.95,116.62,0.3901416746718909,116.65,32.548500000000004,0.2405755161012176,32.565,501.34,6.154194119716881,500.4,2.949,0.2358857885993938,2.878
86,P4,2.77865,0.06997388610647622,2.803,100.181,9.555061430852675,98.775,107.55499999999999,0.3068944615438927,107.55,30.5075,0.3076203230573293,30.59,503.375,9.39377593493637,501.0,2.53575,0.5151238864788281,2.4974999999999996
87,P4,1.71445,0.02042051342207274,1.7215,147.26500000000001,15.296517491521433,142.89999999999998,112.55999999999999,0.25214866124653723,112.6,41.146,0.2224126085028748,41.13,511.78999999999996,6.008581582335302,510.85,2.7052,0.2771740095660981,2.6605
88,P4,3.4091,0.027098067517036934,3.411,114.44500000000001,12.071431040619052,108.25,114.9,0.2533979603623364,114.9,35.358,0.2397059602271526,35.305,498.41,4.565073355034081,499.4,3.0639,0.837303309189058,3.085
89,P4,1.93065,0.05419970382517642,1.9420000000000002,136.04500000000002,21.532948437709422,126.6,97.5215,0.49291052887281855,97.59,24.689500000000002,0.2486696180625382,24.73,487.89,9.409172456480418,488.04999999999995,2.77975,0.19302246255975386,2.7915
90,P4,1.16865,0.04931133637143546,1.1789999999999998,156.445,12.129454146610916,156.0,82.3,2.280877024304469,81.8,30.996,0.2933903453367934,30.945,519.01,6.771060711431764,519.1500000000001,3.51935,0.06864038630120727,3.504
91,P4,1.3217500000000002,0.0400445475623547,1.336,102.35749999999999,13.344259508946353,103.25,86.966,0.44399383589841585,86.88499999999999,28.2305,0.17470200191664748,28.28,497.56499999999994,7.622699825624703,496.5,3.0782,0.1919384769851226,3.072
92,P4,2.23225,0.0966327148482715,2.255,93.89750000000001,15.369911781070657,88.92500000000001,83.90650000000001,0.22481044647014137,83.91,18.174,0.23168490398996988,18.16,476.43,3.15813069293915,475.95000000000005,2.4709,0.12457502495325964,2.4515000000000002
93,P4,2.4203,0.04608813067888163,2.426,116.61500000000001,7.976760653693688,116.35,122.17,0.29929742292312356,122.25,47.561,0.17216577078960668,47.575,467.34499999999997,4.078115534875094,466.15,2.2746500000000003,0.07148446647607035,2.2649999999999997
94,P4,1.6398499999999998,0.06087197523015856,1.647,105.082,10.404295469205318,104.1,115.68499999999999,0.3513507768897808,115.7,29.458,0.2212310057264501,29.47,530.76,6.0709316028362545,529.75,2.6436,0.17757471370487543,2.662
95,P4,1.4484,0.05491275376736971,1.4625,154.3,10.408296286085799,155.1,88.45349999999999,0.2693320197119259,88.37,34.684,0.23040924689046546,34.705,485.535,4.0359274679205885,484.20000000000005,2.7878499999999997,0.41683219834718555,2.9475
96,P4,2.3981000000000003,0.13326740036483045,2.438,119.455,14.860419877896062,116.45,114.8,0.3292735225182547,114.8,33.4,0.19493588689617858,33.394999999999996,534.235,3.4150248515702053,534.55,3.6783,0.169878625401847,3.7285
97,P4,2.242,0.025872155322907254,2.2504999999999997,133.16,16.560587327494737,131.6,102.07000000000001,0.4001315573132083,102.15,38.543,0.2602043731175063,38.55,500.43500000000006,1.2201272582463625,500.5,2.67945,0.23482008230266754,2.673
98,P4,1.64275,0.06771369681860609,1.6444999999999999,136.155,7.183422069708759,137.14999999999998,94.774,0.3152008549280424,94.78,26.351999999999997,0.24936973183988193,26.355,517.5699999999999,2.9935193159118025,516.7,2.69515,0.3914365277578958,2.6340000000000003
99,P4,1.8835000000000002,0.026260837361884865,1.89,87.64,6.29807740087151,85.985,115.43499999999999,0.2870448342020899,115.45,33.3735,0.22124706361417526,33.41,477.495,1.2032740423746566,477.25,3.2937,0.18826439974282538,3.239
100,P6,2.733,0.11600136115353855,2.7045000000000003,143.38500000000002,18.220384044713274,142.0,110.05499999999999,1.511874054904953,110.19999999999999,46.195499999999996,0.8861595139761953,46.195,507.83500000000004,6.084603087863813,506.8,3.9324500000000002,0.1305008469422003,3.9225
101,P6,3.0722,0.05902506158181317,3.082,149.95499999999998,20.242957839833174,150.1,95.1545,0.9435290696439385,94.69,23.528,0.8091620096709523,23.465,430.34,7.7642500569835,430.35,3.9503500000000003,0.14065832996830888,3.9314999999999998
102,P6,2.5942,0.1849974679769827,2.6020000000000003,142.9,13.011250192773444,143.8,98.3365,0.8062667378923534,98.37,36.584,0.624031038364362,36.625,407.07,2.780212032807635,406.85,4.2438,1.1993130753191923,4.479
103,P6,3.67295,0.07205734193207365,3.683,216.82,38.24913621315691,218.8,101.3425,0.9602405126348632,101.4,42.425,0.6201061029754249,42.36,533.46,5.364444347543809,534.3,5.1292,0.36338403637850847,5.0440000000000005
104,P6,3.40475,0.06299864242480481,3.418,126.77000000000001,13.210406583646973,121.25,101.31,0.7137005121566298,101.30000000000001,35.873000000000005,2.2997645188378013,36.44,406.305,2.7211597759624055,405.7,3.346,0.6164657330298255,3.434
105,P6,2.65105,0.10848306925870739,2.644,129.44,21.407952285368893,130.1,107.34,0.7415488769070477,107.2,29.2135,0.8376802241277611,29.229999999999997,495.675,3.1848118179555773,496.75,4.84925,0.21738563236307668,4.7625
106,P6,3.1474,0.0866768954827428,3.1790000000000003,145.09,6.089585587835911,144.1,77.9985,0.5789670929654319,78.14,26.604000000000003,0.9114615215483091,26.805,516.9,4.385022354861138,516.85,4.50075,0.08756163242930198,4.506
107,P6,2.95165,0.05819502149080965,2.9690000000000003,162.91500000000002,17.07242390215099,168.7,89.5285,0.7671154102425358,89.50999999999999,40.608,0.7641823976264459,40.84,482.93999999999994,4.456621330583358,484.20000000000005,3.13065,0.34990830001737955,3.178
108,P6,3.0389500000000003,0.06912877000283799,3.059,118.5205,13.208055147881298,118.05000000000001,98.8275,1.0497361823961149,98.655,37.9085,0.8628915587171198,37.97,513.22,3.387531316615743,512.45,3.00195,0.5945765830890877,3.097
109,P6,2.3901499999999998,0.05294314229236376,2.4,133.78,19.20325082128709,132.35,112.84,1.9940437623873257,113.0,38.979,0.5622876207254178,39.0,607.55,11.854934571064083,609.15,2.90705,0.27385791071860216,2.8385
110,P6,3.3018500000000004,0.06480763031748976,3.319,162.98,8.697767408636365,163.85,108.16,1.2062992558800807,108.0,39.7975,1.0974509939904074,39.845,462.33500000000004,28.94141587123163,449.65,6.1444,0.5602388024668353,6.1715
111,P6,2.9848500000000002,0.12431423469324997,2.988,144.57,10.493712403148841,144.4,126.03,1.5499066185792552,126.44999999999999,58.484,1.466131321755177,58.755,527.835,2.499742091959827,527.65,3.4314,0.74292603584532,3.1975
112,P6,2.98135,0.14602028518055463,2.971,191.245,31.20142498432774,197.2,79.3385,0.6967614935882795,79.22,27.4625,0.9253271114356777,27.325,575.37,6.848288299391236,574.7,3.7992,0.04699563249584167,3.8040000000000003
113,P6,2.8733,0.16277821527594233,2.9125,120.875,23.739105534517247,113.8,109.81500000000001,0.8021517115989083,109.80000000000001,59.475,0.8793388664816674,59.47,506.43,16.649959696489844,509.1,3.8912500000000003,0.3749127442345402,3.882
114,P6,2.4943999999999997,0.2183330145973302,2.566,152.435,15.85172329997427,152.95,100.5805,1.0505410886525894,100.5,35.939,1.1607388753901968,35.63,496.51000000000005,3.768135096471881,496.9,4.28205,0.13235258930121796,4.220000000000001
115,P6,2.8261,0.04507409105251644,2.8360000000000003,153.63,12.051472939022846,154.2,107.13,0.7434627375364968,107.1,40.4745,0.8631733069869211,40.205,507.63500000000005,3.1261671504626207,507.54999999999995,3.3810000000000002,1.0483817103165791,3.23
116,P6,2.46255,0.1833284297589841,2.439,165.22,31.364169969803715,173.60000000000002,92.269,0.7510967419643562,92.61000000000001,31.907999999999998,0.515461979811877,31.83,531.0550000000001,5.8867804622328475,531.85,3.1094,0.09732820221995482,3.0865
117,P6,2.43525,0.1252974881085643,2.465,160.755,18.980141283928713,156.5,93.762,0.5679473659823734,93.715,19.889,1.1468717176921337,19.845,541.9,2.958306770327959,541.2,5.06065,0.9119614070204598,4.8100000000000005
118,P6,2.95995,0.17651941148660935,2.9875,153.2115,8.848805018936604,151.3,69.26,0.6632852843392916,69.285,19.597,0.6321733606335656,19.64,511.575,1.612737130666866,511.29999999999995,3.8894999999999995,0.8499138346419531,4.1535
119,P6,2.11105,0.045673296355748,2.117,108.526,5.165619543013009,108.19999999999999,98.3035,0.9566183587045195,98.36500000000001,26.887,0.5330261176577208,26.905,540.085,2.6190144791706054,539.95,2.8899999999999997,0.07753097852844974,2.8819999999999997
120,P6,3.1441500000000002,0.07966923397463578,3.165,182.05,22.41206207192434,179.75,98.0015,0.7529050754454892,98.085,37.5115,0.5848641317704312,37.455,509.40500000000003,2.109745557120455,509.25,3.48645,0.33349480781881036,3.4305
121,P6,3.02215,0.1368361582715852,3.0695,95.96000000000001,15.330959389075218,93.5,84.1775,0.6252652068901423,84.46000000000001,29.7635,1.4241314065625725,29.78,467.84,11.064566488523065,466.45,5.03675,0.18008912267336757,5.013
122,P6,2.3704,0.08127756212672198,2.379,126.61500000000001,20.034792762907024,126.3,99.34049999999999,0.6902667295290539,99.305,22.779500000000002,0.6381674009058658,22.865000000000002,515.12,5.50536580361187,514.0999999999999,3.5941,0.7685198281864881,3.8685
123,P6,2.86445,0.05380615793363197,2.8655,141.14000000000001,18.66839152431894,135.8,69.837,0.8186773672082007,69.895,26.828500000000002,0.5606131511685731,26.869999999999997,480.14,7.9773627089078465,477.2,4.361549999999999,0.21628452873107004,4.423
124,P6,2.1813,0.06847596581821128,2.2060000000000004,163.09,7.268671057859778,162.35,90.8535,0.463229794060427,90.875,20.3485,0.7165213847030958,20.12,513.49,2.9296847324548145,513.95,1.42655,0.1301527341646203,1.415
125,P6,2.51295,0.17135388896420733,2.498,160.23,14.327709627079093,156.9,110.41,1.6156797494031963,110.25,29.985000000000003,0.6270440259872635,30.115000000000002,536.77,3.3557648747695095,536.75,2.95,0.3089125238128442,2.899
126,P6,1.7852000000000001,0.02616667225388253,1.7905,245.455,16.251363505548504,245.05,80.274,0.7879847714264522,80.43,35.2515,1.0294877366923834,35.465,557.54,9.423956035997884,556.2,3.5797499999999998,0.8210251534706956,3.5995
127,P6,2.4443799999999998,0.16603703962163313,2.449,178.77,16.838742920951525,175.85,99.229,0.3608017388218112,99.325,31.2245,0.45934134767535395,31.240000000000002,510.825,7.875336250131254,509.4,2.9709499999999998,0.35341796859570646,2.9935
128,P6,2.21915,0.043330158453194476,2.2315,192.145,7.5431024609799735,191.85,107.51500000000001,0.5018649430400901,107.45,27.424500000000002,0.8758663380363839,27.36,564.265,2.268613070393,564.8499999999999,3.2814500000000004,0.45533324696256683,3.3425000000000002
129,P6,3.2127499999999998,0.08974224786928157,3.202,219.465,13.737397095060203,219.85000000000002,102.51500000000001,0.5914077763225145,102.6,48.849000000000004,0.7044288466552184,48.875,511.48999999999995,0.90954008042237,511.55,2.4866,0.12338019972512011,2.468
130,P6,2.3305,0.1493024129956237,2.301,109.81300000000002,12.01386089832118,107.69999999999999,103.37,0.813763188105597,103.2,38.378,0.658064146609305,38.239999999999995,523.895,1.49119344645048,523.55,3.3210500000000005,0.15993040427175284,3.3475
131,P6,2.3787,0.1719492275123829,2.3754999999999997,188.77,11.178461432594371,188.7,110.085,0.6310183915911797,110.0,22.8325,0.919982122251925,22.66,523.905,4.302321894536756,524.0,4.47795,0.15105644640332308,4.4635
132,P6,2.48435,0.14594132743205945,2.509,216.965,28.741063141893612,211.25,111.57000000000001,0.5921415193578042,111.5,26.7935,0.6171519901510231,26.695,520.14,3.512593883367937,519.25,2.34075,0.30680181756821095,2.3025
133,P6,1.59815,0.23599872323472643,1.556,185.895,17.10593848869297,190.0,87.197,0.6103070840504047,87.25999999999999,30.3205,0.509349171931563,30.369999999999997,551.04,6.406772732203387,549.7,5.898899999999999,1.2464915774410905,5.7135
134,P6,3.0687,0.18057542526746614,3.072,83.523,4.112070934264274,82.93,105.74000000000001,0.5613892542049972,105.6,43.744,0.35645033609924215,43.72,518.925,4.545544377102763,519.0,3.6273000000000004,0.05221725869157772,3.6304999999999996
135,P6,2.2134,0.11847957852016444,2.2,131.745,26.75153660121818,133.2,100.6315,0.7002275945794519,100.7,17.9355,0.5159607798232241,18.020000000000003,511.06000000000006,4.067768041826562,510.9,4.329,0.16195288463656715,4.286
136,P6,1.9225,0.08468548623552546,1.9565000000000001,174.01500000000001,21.989669225151587,181.2,86.885,0.7464265748075636,87.005,35.793,1.0883744518172156,35.69,507.57,2.4365851859561656,507.0,3.8917499999999996,1.0844060646998872,3.9485
137,P6,2.9044499999999998,0.12148228157571822,2.944,172.79000000000002,13.884785311912271,169.2,102.42999999999999,1.0568573075023218,102.5,28.994,0.6185585961265957,29.07,475.35,4.670343163318717,473.70000000000005,3.4822499999999996,0.05345620440579072,3.487
138,P6,1.80655,0.1717576245147428,1.88,166.495,15.601837779738098,162.45,111.85999999999999,1.438347004468378,112.1,27.6935,0.45271432842123993,27.655,499.23,3.335471244225124,499.85,3.9933500000000004,1.2549002591944571,3.8235
139,P6,2.4025,0.14489179265557928,2.3735,122.55,9.602165325975614,122.2,101.249,0.8388080515638973,101.15,45.7395,0.5071019309971668,45.599999999999994,427.71000000000004,3.357771817581909,426.15,2.5389,0.3852767836244482,2.6609999999999996
140,P6,2.41535,0.1359776587686761,2.453,111.095,9.491185661610347,107.55,90.436,1.2438454803340269,89.89500000000001,30.747000000000003,0.8529706603209894,30.775,480.95500000000004,1.5452729276903385,481.0,1.9396,0.19714125312630673,1.947
141,P6,2.0415,0.06855769756006133,2.0515,177.39000000000001,18.011806069762596,178.9,111.41,0.5290507885280069,111.45,35.629000000000005,0.46031911128099723,35.519999999999996,477.59,4.106977374894426,477.5,4.4695,0.9155698541863078,4.359999999999999
142,P6,2.28905,0.1526228495688844,2.2874999999999996,136.055,19.06806299328249,133.15,91.4975,0.8688036238656611,91.91499999999999,24.6815,0.8409410455586428,24.515,530.25,7.817894453381389,528.35,3.7996499999999997,0.907494194558783,3.425
143,P6,2.02005,0.13976539553649772,2.0295,89.953,11.758618832248334,88.09,96.694,0.5798130370168842,96.82499999999999,23.3,0.5540948047325299,23.365000000000002,497.66,1.3960093499913289,497.70000000000005,3.2435,0.15406748350539193,3.222
144,P6,1.7692,0.13139318255165539,1.784,113.49000000000001,8.22946567300441,110.8,89.7325,0.7538454050644887,89.79499999999999,39.656,0.6131059837975975,39.655,519.4,2.6783734262657153,518.95,4.0470500000000005,0.31748178149139106,4.003
145,P6,2.58825,0.15409425516119746,2.6155,88.678,10.035394519294934,87.335,97.4045,0.3081946582412208,97.385,35.929500000000004,0.5364353593275158,35.879999999999995,468.90150000000006,4.030572997008068,468.15,4.12555,0.3562671196255919,4.124
146,P6,2.1753,0.13852763357235937,2.169,106.94000000000001,17.59400017350412,105.0,100.0015,0.46225164028629334,99.955,28.660500000000003,0.5340951521769763,28.475,538.255,16.925392788725244,539.1,3.3670999999999998,0.1913337948524295,3.326
147,P6,2.7192,0.05823057616063923,2.7275,114.80999999999999,14.458321224526001,108.55000000000001,91.713,0.357345476358221,91.75,28.131999999999998,0.2921355128955344,28.18,516.1800000000001,2.035629994297633,516.2,8.25235,0.5578767336966115,8.15
148,P6,2.14035,0.17827869223567688,2.1475,95.77000000000001,13.169626138641101,93.55,96.3775,0.33043631443098664,96.35499999999999,30.7805,0.4226915635480998,30.810000000000002,473.27,7.910160022335028,471.1,4.4277,0.4534808183722647,4.5265
149,P6,2.16165,0.1597693320812358,2.168,122.975,11.468027637511904,117.9,86.52250000000001,0.38585346277679416,86.53,37.0795,0.47684792897570666,37.245000000000005,512.04,2.564822759855657,512.05,3.50895,0.2960082635759738,3.412
150,P6,2.4471,0.20691490750395058,2.489,157.49,18.80917749118065,153.14999999999998,71.34299999999999,1.6517649252908464,71.445,18.9595,1.0401845737023885,19.115000000000002,534.0350000000001,2.9859803996959453,532.9000000000001,3.3134,0.09591026507818856,3.3155
151,P6,2.1509,0.16162038042406973,2.2205,98.38,21.751118543530968,99.44999999999999,73.517,1.1787464349446581,73.67,22.0085,1.3437115722779513,21.700000000000003,519.4350000000001,4.936147549615896,520.3499999999999,2.61015,0.3313429253968255,2.5675
152,P6,2.136,0.11763234428103791,2.1545,88.55499999999999,16.611140047697223,86.05000000000001,75.9185,1.6455115186150202,75.595,15.2785,0.4626613516556029,15.285,510.36499999999995,3.1055595309058166,510.70000000000005,2.40025,0.2881507052696009,2.3555
153,P6,2.7016999999999998,0.18199250996733493,2.7045,157.885,19.325747074822228,155.95,87.045,0.388648129316293,87.07,14.569999999999999,0.376199834914203,14.42,504.0,11.187775283293515,500.3,3.5530500000000003,0.06491814684257155,3.5315
154,P6,1.35005,0.16199950454765039,1.3935,188.85999999999999,26.145391060074257,186.3,56.374,0.9805390568994484,56.69,17.15,0.5132456065389935,17.145,496.445,23.410152430988234,498.7,3.7834499999999998,0.23356808429235376,3.7095000000000002
155,P6,1.8960000000000001,0.2006793724484801,1.8679999999999999,93.193,7.130085332035327,92.04,75.233,0.4541979628682698,75.335,18.059,0.8551940376927712,18.11,489.355,3.9449468010554782,488.4,2.44965,0.1971420206749172,2.424
156,P6,2.10405,0.05876579295008812,2.0965,152.66,12.139470204341913,153.5,118.10999999999999,0.43516482055955924,118.15,44.912,0.6018532781509576,44.89,535.17,1.9847046711233938,535.1500000000001,3.4212499999999997,0.2800593687059942,3.395
157,P6,1.3108499999999998,0.15132199026196463,1.348,120.17,27.85492680601443,115.0,70.1735,1.4676342402512614,69.93,21.54,0.38478975804293064,21.42,559.11,4.265639953222279,559.0,4.204549999999999,0.7438652590921359,4.292
158,P6,2.3687,0.3793049183079908,2.4275,136.60999999999999,8.75003157889038,135.9,88.2045,2.209647447468778,88.6,29.062,0.7366538857349643,29.125,529.13,2.0555700963607495,529.1,3.69185,0.37227243490416206,3.721
159,P6,1.97765,0.32823936628464817,2.0614999999999997,125.295,24.639430850398696,123.6,88.1545,1.2840293282435065,87.925,19.930500000000002,0.5196909506721525,20.155,511.85,1.7986837292572564,511.6,5.322,0.8644230202248997,5.518
160,P6,1.59605,0.22034362518097667,1.6280000000000001,130.505,28.70715067713966,123.69999999999999,84.5335,0.6522937262178439,84.455,30.291500000000003,0.5990367267538774,30.28,533.455,3.2892928371339916,532.8,4.1668,0.5369929530067853,4.1585
161,P6,2.29365,0.12938651804817836,2.283,195.215,25.69505942681138,190.4,108.175,1.5586346926920258,108.35,26.945999999999998,0.49722810607776835,27.03,549.665,1.533580262344527,549.3,5.0248,0.5412020344614967,4.909
162,P6,2.6248,0.2062189944796806,2.6215,173.145,42.06598169292467,157.2,80.59700000000001,0.8061872578606304,80.725,43.4595,0.8799430304526006,43.47,497.56499999999994,9.643119990848087,494.75,2.69455,0.5682011759190485,2.5575
163,P6,2.1549500000000004,0.29296891787714496,2.1965000000000003,173.145,42.06598169292467,157.2,94.5265,0.49913899551337665,94.36,19.0125,0.7805522673756466,18.765,535.77,4.025981410263783,533.8,3.5945500000000004,0.3805114943972402,3.52
164,P6,1.94845,0.2174199126599323,1.9715,135.4,26.742987275565397,125.9,97.546,0.7128844299929098,97.38,25.1575,0.7313640824190307,25.34,520.085,6.114544782298742,517.65,3.10865,0.5166339715178588,3.0015
165,P6,1.57325,0.18571083209628553,1.5875,160.95499999999998,25.111215254920406,162.0,100.446,1.2008479460255055,100.3,34.3905,0.7273924228654758,34.435,507.20500000000004,2.3698711934795447,506.95,4.5046,0.33778058901569474,4.539
166,P6,1.7877500000000002,0.29357001765023266,1.738,136.05,9.49717409493338,134.55,97.9125,0.5789543659864195,97.805,21.616,0.6524560884599216,21.630000000000003,487.035,2.340776974020651,486.25,4.1457999999999995,0.6108477801599314,4.1505
167,P6,1.6672,0.23025034430513147,1.72,124.48499999999999,12.709725865609668,122.85,82.6485,0.9863183803257546,82.705,23.802,0.8663632397314043,23.759999999999998,518.635,5.777021177407102,518.75,4.45795,0.5592376836749338,4.5535
168,P6,1.7991499999999998,0.31818089442791403,1.8395000000000001,132.74,16.332576423564618,133.1,85.691,1.0138197701346103,85.515,20.431,0.59943745558473,20.5,564.76,4.13691977963774,564.6500000000001,4.17255,0.446331417458514,4.055
169,P6,1.87075,0.3213404285996886,1.983,98.255,18.983828990956876,98.35,60.215999999999994,1.3811109182180314,60.44,28.3625,0.9285635482603728,28.445,493.895,2.625276927748451,493.5,3.70545,0.43598315696583356,3.662
170,P6,2.0405,0.2626994480390091,2.004,103.35499999999999,9.589933044055815,100.15,84.43350000000001,1.8130674066489194,84.225,25.8405,1.0626603903708642,25.950000000000003,525.625,4.571176861021307,524.5999999999999,4.001849999999999,0.5939175270585708,4.048
171,P6,2.1871,0.04496770771166915,2.1975,116.4,8.76241975712189,115.6,91.851,0.18973388566205535,91.815,30.7395,0.1865045505300631,30.799999999999997,529.665,2.7823267430809326,528.8,4.4244,0.44185475108075006,4.4350000000000005
172,P6,2.19445,0.06056269044291388,2.215,169.095,18.826310676396766,175.05,96.51,0.9545900194655086,96.63999999999999,23.9675,0.3373406056355006,23.925,525.985,6.656083485685878,524.45,5.556150000000001,0.2738722858329561,5.471
173,P6,1.6195499999999998,0.026890567706520173,1.62,107.10999999999999,16.53986889784483,105.2,97.65950000000001,0.37421461615945384,97.66,33.566500000000005,0.22511459070297316,33.545,497.59,7.952947153166087,497.95,3.024,0.45916858502480773,2.925
174,P6,2.9368,0.13409054285895972,2.9669999999999996,102.13,13.609056582020362,100.05,76.6255,0.2674140294709583,76.65,26.496,0.23526916276335225,26.515,502.645,3.041376938856895,501.7,2.85385,0.4155761093128177,2.9924999999999997
175,P6,2.4041,0.1528600667277102,2.405,107.88499999999999,18.980745784249784,112.5,94.503,0.3379676097840706,94.60499999999999,41.2115,0.29958348278550767,41.260000000000005,575.625,5.673194124913012,574.95,3.5774999999999997,0.5762682580735798,3.4675000000000002
176,P6,2.3126,0.03994390803957068,2.308,146.035,22.24048643447587,143.14999999999998,98.602,0.24894725714919086,98.625,26.544999999999998,0.316369204702687,26.465,531.36,7.064172019125088,530.9000000000001,5.92835,0.28032467548221757,5.9544999999999995
177,P6,2.09565,0.03932225163548245,2.1035000000000004,124.18499999999999,17.03331951453417,122.0,112.035,0.3787444632216498,112.0,33.5105,0.31510190498680857,33.515,511.505,0.8400971121809258,511.5,3.9217999999999997,0.11063339174237147,3.9640000000000004
178,P6,2.5322,0.05029659400417735,2.535,166.685,16.05865154593263,161.95,91.8715,1.2601640452943506,91.69999999999999,32.2965,0.2255350363725756,32.27,571.855,3.749733323851189,572.95,4.353,0.2784570268272534,4.4045
179,P6,2.199,0.12333138926869902,2.1925,149.255,13.25433295587761,144.14999999999998,90.977,0.40879926871909045,91.07,35.6185,0.23099954431488404,35.695,533.875,3.826483200565564,533.3,3.9137,0.3191906046632059,3.8520000000000003
180,P6,2.22255,0.053398674337970554,2.2375,103.179,4.187371867639026,103.30000000000001,98.75399999999999,0.25417358345491803,98.775,21.0975,0.30844047450973217,21.015,543.51,3.1191935529961428,543.45,5.319,0.3316132814304226,5.4
181,P6,1.7398,0.06071815821352046,1.7345000000000002,120.035,13.134337280178002,118.85,88.564,0.2948933794834298,88.595,19.674,0.3261643111910567,19.755000000000003,530.225,1.8600721547974097,530.85,5.837,0.23784338057682114,5.825
182,P6,2.467,0.10230552796712201,2.4785,104.474,17.668333969651968,103.0,94.18350000000001,0.6399117949086061,94.10499999999999,23.7775,0.27533472451965774,23.87,531.725,2.8739986814632705,531.2,5.84455,0.338579614364418,5.855
183,P6,2.48405,0.05404625212187281,2.502,98.553,11.394602184691157,96.58,98.3965,0.24342458034427591,98.37,20.5895,0.22811527556778893,20.61,546.04,2.3347264011915976,545.9000000000001,5.0781,0.15493322840229568,5.119
184,P6,2.2313,0.05629069288313262,2.2555,89.749,13.958578535683426,89.94999999999999,110.50999999999999,0.39855000346651126,110.5,31.877,0.2367788219548275,31.9,535.425,3.0782556577933686,535.1,3.6094999999999997,0.05968998858135363,3.585
185,P6,2.7102,0.02458411982090084,2.7145,85.44149999999999,10.104555655742613,85.51,120.835,0.3048295468480363,120.8,26.449,0.2558144887053482,26.445,555.95,2.3926422302770933,556.3,4.76495,0.34988471409579325,4.788
186,P6,2.2982500000000003,0.049177310771704875,2.319,169.01500000000001,10.58177554497403,174.95,90.723,0.3271745067922279,90.745,27.534499999999998,0.29847815753638546,27.52,555.73,2.741897153432305,554.8,4.2214,0.35670191004756197,4.2605
187,P6,2.07255,0.05574799972809991,2.085,132.08499999999998,17.581697271519847,138.3,120.995,0.29464519251751853,120.95,25.4755,0.38829553313504944,25.365,534.39,3.8091164882492374,535.25,3.0243,0.333690701414538,3.037
188,P6,2.70383,0.23568652039252658,2.822,125.2,14.90227817271045,125.3,81.5615,0.19866064691221128,81.57,24.317500000000003,0.26963669514444927,24.295,486.71999999999997,2.8422748487416696,486.65,3.2790999999999997,0.1402947648796334,3.2175000000000002
189,P6,3.2369,0.17546566615722853,3.258,113.34,18.612994894625867,117.0,82.5355,0.2724445863502881,82.61,28.639999999999997,0.34403182227352386,28.57,522.16,16.396899578562778,520.7,5.958699999999999,0.40970182996135607,6.016
190,P6,2.69225,0.01777601873607424,2.699,126.35499999999999,18.518254862645524,121.5,104.89000000000001,0.4115439478994128,104.85,34.309000000000005,0.323694137631254,34.275000000000006,486.63,4.542674843838363,487.20000000000005,4.299799999999999,0.2693476720171398,4.34
191,P6,2.75705,0.03594656121464048,2.7625,97.205,7.073410180312418,94.30000000000001,93.369,0.4051497448962249,93.255,24.9225,0.41685381761854834,24.92,499.195,2.5035711336114845,498.5,4.84585,0.4333213557723888,4.708
192,P6,2.292265,0.06436944580025195,2.32965,129.51,22.701910422739875,124.6,83.28450000000001,2.382226899352789,82.735,42.3515,0.25456412696380004,42.29,531.3199999999999,5.075804317907083,532.3,4.5512,0.20574757145078243,4.587
193,P6,2.1014500000000003,0.11254167649083804,2.1105,133.105,22.04453566377797,134.7,85.9075,0.3740514318702874,86.025,27.700499999999998,0.2644054900297928,27.700000000000003,524.875,2.8174036199832853,524.0,4.7465,0.6511934388005167,4.68
194,P6,1.65295,0.040821143902072185,1.6655,136.0,13.201435328661884,133.25,75.619,0.31430625360089726,75.64,24.384,0.9523621602156015,24.55,514.635,6.512277877816244,517.6,2.3541999999999996,0.06516989941279384,2.3635
195,P6,1.7658999999999998,0.030727837541877186,1.7734999999999999,105.929,15.661430296986557,103.19999999999999,78.7935,0.34304020019141945,78.72,20.622999999999998,0.27642644400883243,20.66,511.55,7.600242378406519,512.05,4.2141,0.3265281320998723,4.106999999999999
196,P6,1.29645,0.048899978473787103,1.3050000000000002,131.105,19.153657751540774,124.65,85.5855,0.33356882032758683,85.59,28.30045,0.3974151316219672,28.46,494.95500000000004,4.984658041377938,493.8,4.37355,0.15847512672174674,4.364
197,P6,1.92555,0.05614874512353206,1.953,102.297,6.284191611538143,102.65,98.5725,0.21316845327975817,98.565,32.701499999999996,0.2569512548488924,32.724999999999994,555.1899999999999,2.309910000525182,554.7,5.287599999999999,0.3559533381601699,5.249499999999999
198,P6,2.235175,0.10507885697993895,2.2615,115.31500000000001,11.353101825167938,113.69999999999999,101.19,0.32589956476771714,101.2,24.538,0.23714530300396294,24.55,529.1,3.3942676134299004,528.8499999999999,4.4997,0.25927776205208336,4.499499999999999
199,P6,2.0580000000000003,0.026930710311737615,2.065,92.66749999999999,15.025513696446625,92.775,84.69300000000001,0.3346026708925355,84.71000000000001,32.2295,0.22404123210741864,32.205,521.545,3.0967682645316894,521.25,5.59825,0.4371553830703317,5.481999999999999
200,P8,2.60745,0.08327663158666464,2.6315,147.23,12.65019658678119,147.9,83.62100000000001,0.2811049626029325,83.56,19.5505,0.3495783174054146,19.59,551.3050000000001,6.819667764712057,549.05,6.7565,0.5816556677188606,6.73
201,P8,2.07705,0.08339347128301808,2.075,172.48499999999999,16.92778081019171,171.3,103.665,0.37735227154756656,103.65,17.9935,0.40075290982953876,18.064999999999998,547.8149999999999,4.960716735141781,546.0,5.0033,0.9858155106573601,4.806
202,P8,1.2317500000000001,0.04284964533415834,1.2440000000000002,144.45,17.74261892494424,145.6,88.29350000000001,0.46867422194504144,88.37,34.9665,0.4450106444616923,35.045,546.39,6.9384436295180745,545.4,5.214,0.5694820361290462,5.2425
203,P8,2.73765,0.11378570578989829,2.7885,126.80850000000001,6.586981798253766,129.97,94.5415,0.4219662620586934,94.58000000000001,24.5015,0.25856435623610086,24.525,525.77,5.589284861514739,523.85,5.3008,0.09171672636295326,5.3004999999999995
204,P8,2.4416,0.043320591918976886,2.4530000000000003,106.78,8.77344078215011,105.6,75.71950000000001,0.4306845835716882,75.74000000000001,25.104,0.3744947473456389,25.0,552.455,8.215676606662619,554.8,4.0481,0.10685105225696687,4.022
205,P8,2.34875,0.022018831653119606,2.344,145.56,25.659273485223117,137.14999999999998,97.40650000000001,0.2804746916061726,97.31,34.7,0.2681319392427996,34.739999999999995,588.475,7.207297106332383,589.8,5.25005,0.32081417395515166,5.241
206,P8,2.71415,0.04387935013672206,2.72,176.99,15.480170677693648,173.75,92.687,0.456901463521864,92.85,31.7435,1.2486931062852116,31.515,520.37,5.161915189254124,520.3,5.163,0.31869074268589026,5.0985
207,P8,2.3704,0.05717231571495517,2.3810000000000002,123.94949999999999,9.087807028042981,122.16499999999999,120.705,0.3926629732051576,120.75,20.593,0.23562012245405306,20.55,561.985,4.605405862450632,561.05,3.8969499999999995,0.5030049152213547,3.921
208,P8,2.06775,0.028200177304407072,2.074,126.853,17.866745676049444,133.35,79.173,0.5572120450581549,78.97999999999999,30.220999999999997,0.5273658472465822,30.39,587.17,11.512697795317807,583.85,5.0629,0.27457505924226727,4.9465
209,P8,1.60745,0.033460856943127205,1.6035,155.3,10.677374011875473,154.39999999999998,90.5575,0.2952585842595393,90.525,36.4435,0.2772472770498891,36.42,567.115,64.24658315714869,559.75,4.88735,0.4822790494920418,4.881
210,P8,2.1968,0.03679473646568162,2.208,142.0385,14.420637724054407,140.05,115.585,0.4246050796731129,115.5,27.9015,0.22713953513435914,27.915,568.95,2.217039277481291,569.0,4.277900000000001,0.4107407813617781,4.1005
211,P8,2.2009499999999997,0.03588354702880448,2.216,144.6755,8.778024280164523,143.01,90.873,0.45858018870606043,90.935,27.7135,0.29349571860949764,27.715,538.4,3.5785913135581318,537.8,4.7378,0.549778385974031,4.747
212,P8,2.68355,0.04933075799347238,2.6915,210.98000000000002,19.1210437944552,209.15,108.8,0.5201214433086465,108.85,31.601499999999998,0.2677837894547329,31.549999999999997,540.46,5.06093396830852,540.25,2.4869499999999998,0.28875458073377264,2.4745
213,P8,1.9971,0.07811455824957546,2.004,105.6025,12.596350296394332,102.7,79.03150000000001,0.9941898314973037,79.005,55.5475,0.390409703826769,55.56,567.6899999999999,2.8935318065971702,567.15,5.73115,0.3394030789489098,5.713
214,P8,1.8796,0.08620196602960062,1.911,171.12,11.7279513174835,169.3,89.44449999999999,0.3332688972807613,89.56,35.423500000000004,0.3776558583795812,35.435,527.5649999999999,2.748449323566065,527.0,3.20765,0.14434872795822587,3.222
215,P8,2.33555,0.030119892010710206,2.346,129.309,10.07440576803155,126.13,106.67,0.29575950400710427,106.7,28.1595,0.27256047132024774,28.16,584.9649999999999,4.8059475214516425,584.5,3.1306000000000003,0.19185696426463678,3.082
216,P8,2.1939,0.09340624345186724,2.214,190.2,16.03177765367404,197.1,108.205,0.40843088702213076,108.25,27.988,0.4916096012081138,27.865000000000002,539.25,5.930784983989535,538.35,5.3995,0.041250837312075926,5.401999999999999
217,P8,2.34105,0.034440604860511405,2.348,113.69000000000001,15.84221209965724,117.6,98.4405,0.3148345430121773,98.32,36.544,0.3012500272985365,36.54,584.63,6.719343639624985,583.75,6.4313,0.9404620980638914,6.507
218,P8,2.28855,0.02956433662370942,2.2915,130.55,10.977369064532146,133.0,101.69,0.4745080555025814,101.7,32.1515,0.3137091344743267,32.16,592.5699999999999,13.298401170223809,591.9000000000001,5.43135,0.42419735662592384,5.4425
219,P8,2.04815,0.01992426449808055,2.053,222.545,23.99998848683934,224.8,86.4855,0.41810946690524387,86.3,31.4835,0.24004988516644005,31.450000000000003,598.765,5.773649306616195,600.25,7.61715,0.19607095251732856,7.543
220,P8,2.13095,0.061017232251053065,2.158,101.83149999999999,16.889369834930267,98.59,86.245,0.3954943608620549,86.18,23.5075,0.2531875734873676,23.555,593.74,2.377172136893122,594.0,4.8419,0.40720108830378804,5.006
221,P8,3.08005,0.09538149163946015,3.096,135.53199999999998,17.352894070776177,134.155,79.748,0.40088848692294404,79.745,27.670499999999997,0.306808272035605,27.744999999999997,502.63,6.579641647576744,502.54999999999995,5.07245,0.47530494089805686,4.885
222,P8,2.40655,0.06587665907228685,2.41,176.44,20.124779174989847,173.45,85.5355,0.2698630256844729,85.53,19.9235,0.31081006215507573,20.08,529.225,4.487981025384425,528.55,4.107225,0.26469518094553496,3.9762500000000003
223,P8,2.7125,0.06979330385615719,2.7155,153.01500000000001,19.672055387221096,151.0,99.444,0.3678872825086228,99.41999999999999,27.5815,0.31074232005583663,27.575,528.775,3.215566578544531,528.4000000000001,5.5172,0.5558072933746201,5.696
224,P8,2.9099,0.054419327062126925,2.9215,152.77,11.732281152982639,149.25,107.41,0.30418138632972214,107.5,39.3355,0.2798773227495828,39.269999999999996,599.15,3.856163896931752,599.5,4.26535,0.26313220111411256,4.1065
225,P8,2.7016,0.11769156836051556,2.716,172.63,29.905026861364753,175.75,86.5595,0.3412280453704929,86.625,30.488,0.2123452997261523,30.43,576.9399999999999,7.879914506616095,575.0,5.91295,0.36629373818232136,5.833
226,P8,2.0460000000000003,0.050683745967155525,2.045,138.5,17.04927842276154,138.9,92.3885,0.2648986896711185,92.39500000000001,23.4675,0.3254126934411617,23.39,573.995,5.081594755896792,573.0,5.3632,0.18979562415231924,5.314
227,P8,1.7489999999999999,0.03694376950533284,1.764,137.44,21.76347495473237,136.75,82.5335,0.25947872846596903,82.565,22.643,0.31094253996179877,22.7,584.005,4.8924727361206735,585.1500000000001,5.6149000000000004,0.16700107153769064,5.654
228,P8,1.9602,0.038500307585920976,1.9575,151.3,11.32342704308197,148.5,97.33500000000001,0.23214106419203623,97.28999999999999,36.679500000000004,0.20813646838957237,36.715,586.1800000000001,4.940871433898619,587.5999999999999,4.57325,0.08514809080901967,4.6025
229,P8,2.4196999999999997,0.03752206368468952,2.432,160.20499999999998,7.702663585785723,159.5,96.6385,0.23061188630524496,96.66499999999999,23.5,0.2910778517673139,23.55,554.46,7.175645945616453,554.0,4.77455,0.027825537305069082,4.7695
230,P8,1.5741,0.01630918372219202,1.579,204.255,15.690408568696732,207.75,105.74000000000001,0.4357691325026412,105.7,43.451,0.3458308074310613,43.375,578.21,7.11380422322095,576.75,5.60255,0.42478148871848803,5.522
231,P8,2.1834499999999997,0.04483710282203439,2.1935000000000002,219.83,22.41137164359577,222.4,84.46900000000001,0.2531673047818885,84.505,24.554499999999997,0.31204714556078195,24.64,530.21,4.407398086710229,530.0999999999999,4.7147,0.06147836589959257,4.721500000000001
232,P8,2.7235,0.04388801538845009,2.7365000000000004,154.175,14.412636085996503,154.0,73.01599999999999,0.28919852951508107,72.955,32.7875,0.44010614748334526,32.715,559.515,10.711935055422,555.9,3.7289499999999998,0.4128758542862873,3.609
233,P8,2.2008,0.07612150951292483,2.2300000000000004,97.49249999999999,10.36682099930248,95.32,83.688,0.268555590638433,83.665,20.6575,0.21598915664790616,20.62,600.71,8.333060346405905,596.55,5.1388,0.1377754083931334,5.1085
234,P8,2.85865,0.10129128138300228,2.873,164.075,17.13426468558804,160.2,118.63499999999999,0.2719810364906456,118.6,33.9125,0.6776808362271094,34.055,560.1949999999999,5.627795211925236,560.3499999999999,4.6034999999999995,0.2624962155115661,4.5865
235,P8,2.29655,0.060553130215930014,2.3005,100.309,4.0435795762509334,98.925,93.759,0.28172214755154174,93.755,32.597,0.1747810660587466,32.599999999999994,566.26,6.490268018145943,566.7,4.3194,0.06446737240855392,4.316
236,P8,2.21955,0.05323579622772631,2.237,108.24249999999999,19.374510078695504,100.4,96.3715,0.5111522072214564,96.47,30.349,0.297779501609745,30.355,560.88,3.6328327355123715,560.3499999999999,4.64825,0.5408203199039885,4.776
237,P8,1.95865,0.022907767011947838,1.9625,161.815,21.032162713830754,152.65,93.5565,0.29437310732434424,93.505,20.631,0.232716226562015,20.61,567.025,6.219652638802935,567.45,3.80255,0.3666468938049823,3.7954999999999997
238,P8,2.0949999999999998,0.023936319024048962,2.099,139.655,14.844508997215806,141.75,90.56649999999999,0.30213756016616056,90.575,28.7335,0.6868790976124107,28.795,528.28,5.493019493675078,526.9000000000001,5.721500000000001,0.2799271521776976,5.7115
239,P8,2.2864,0.03983835760723726,2.2925,146.655,19.545560136579137,141.0,99.5645,0.528896318562977,99.44999999999999,32.4775,0.28506462794472265,32.46,586.1,8.487576059654549,586.8,4.8148,0.4024516446926132,4.929
240,P8,2.8751,0.07951491088237199,2.9059999999999997,169.13,20.759629344627424,169.35,97.5275,0.2676776340852362,97.54499999999999,33.696,0.2289886230223776,33.695,545.0649999999999,6.799247249357437,544.75,4.34765,0.46177657789751203,4.2485
241,P8,2.225,0.08634508488738996,2.2535,149.59,18.600308429814017,147.8,83.4615,0.24696633054133155,83.41499999999999,21.512,0.30667315019843533,21.435000000000002,586.8199999999999,4.282227654411946,587.25,2.9025,0.2519150859442836,2.933
242,P8,2.2573,0.07771344122716761,2.2605,139.26000000000002,17.4672746646558,134.2,89.4365,0.29933742622138143,89.38,38.6605,0.27778209938158716,38.644999999999996,592.725,3.3265874722493094,593.9,4.2941,0.06492497694708078,4.2940000000000005
243,P8,2.30645,0.022623869555940538,2.318,165.5585,10.787212836941421,165.85000000000002,96.644,0.37977001350540596,96.625,34.482,0.29470056167681663,34.41,585.6949999999999,9.233946239712164,581.95,6.13005,0.22217382360380977,6.079
244,P8,2.65385,0.03022420605374024,2.657,157.755,19.25290067004258,160.5,124.44500000000001,0.2999561371442924,124.5,28.2605,0.1811796142825652,28.22,512.085,7.538900869210939,509.0,6.0474000000000006,0.4279701662007466,5.973
245,P8,2.0413,0.028875595231960066,2.0515,171.525,22.666457364874734,171.5,95.82849999999999,0.975307104131011,96.005,41.808,0.6598373005202884,41.555,492.39,5.322731787739324,491.55,4.8565,0.32361892794815883,4.885
246,P8,2.65415,0.1699839853137875,2.7075,156.325,16.224895588018597,158.45,108.26500000000001,0.36458339598996975,108.3,39.4065,0.2334923643516561,39.36,594.6949999999999,6.216232993668948,594.6,5.21145,0.6545443151737821,5.215
247,P8,1.8281500000000002,0.023074878114521007,1.8325,104.23499999999999,10.316174066407624,103.6,106.16,0.36763826614872663,106.2,34.4645,0.2901628399437299,34.53,570.92,22.930343032299934,578.3,6.12155,0.3430196365408714,6.164
248,P8,2.2922000000000002,0.058046805070971645,2.306,133.41,18.530966969969626,132.85,102.50999999999999,0.3972272318009055,102.5,40.3295,0.39784253695466787,40.425,533.92,6.1648067370569795,535.8,5.111,0.20390942261597145,5.1015
249,P8,2.6087499999999997,0.059462394130992365,2.5905,125.08,17.887914179249925,120.55,106.2,0.321182027418787,106.2,28.509500000000003,0.30156565140158653,28.47,510.66999999999996,4.158833338430619,510.05,6.13485,0.20471990492788944,6.093999999999999
250,P8,2.3822,0.06118616974791816,2.392,258.11,56.69403477392811,242.95,94.428,0.3784956371854555,94.49,29.615,0.3099490620289607,29.605,573.585,3.153323226125267,573.1,4.883,0.3134285782825341,4.8225
251,P8,2.1832000000000003,0.019712672920844984,2.1875,148.41,31.309909310833717,141.5,87.55449999999999,0.3043798700031843,87.69,32.513,0.2505593742010061,32.540000000000006,523.53,3.663777170884543,522.9,5.6162,0.2656754252446913,5.6185
252,P8,2.4427,0.06496646908416036,2.4575,221.18,30.989227330256487,233.9,97.5845,0.2380286360481651,97.52,32.673500000000004,0.2558427765558159,32.685,521.3399999999999,3.770997355161044,521.1,5.5633,0.32590071138954335,5.506500000000001
253,P8,2.13275,0.04019410142637448,2.144,197.85999999999999,37.80146752929602,192.65,99.43050000000001,0.22243804578022794,99.435,33.5915,0.23170478040635945,33.59,552.33,21.801547506638393,557.5,4.1696,0.18642859505084416,4.1885
254,P8,2.38095,0.10860283751260606,2.4175,240.74,19.606346985230658,243.35,105.60999999999999,0.5505021631010621,105.45,30.675,0.3033930922434666,30.695,530.35,9.485196221925028,531.1,4.8332999999999995,0.13804960969463884,4.8515
255,P8,2.94585,0.0467842472363687,2.9619999999999997,198.475,15.300288094982859,194.65,120.67999999999999,0.3503381824826739,120.6,43.5215,0.3063756723886205,43.53,593.905,4.107307352050797,592.2,4.7425,0.314004274191493,4.82
256,P8,2.2414,0.0710280893286888,2.248,154.1035,15.815224601962704,159.25,91.876,0.4031638037219822,91.88,29.952499999999997,0.38515717912506786,30.06,582.915,4.314513450644182,581.7,4.8071,0.3928068897455579,4.782
257,P8,2.52985,0.1278079459682831,2.5375,134.13,18.653068041703513,129.95,113.46,0.2562893102068748,113.4,32.668,0.25405345479787766,32.675,436.675,2.9708894645419517,436.0,3.9283500000000005,0.3572748131414573,3.851
258,P8,2.95765,0.04985798252088243,2.959,217.185,38.11332513218413,215.6,102.045,0.2818640956579115,102.1,35.714999999999996,0.2903989995633044,35.7,548.9100000000001,14.23157719557757,541.1,4.91295,0.2776875326504124,4.7844999999999995
259,P8,1.14525,0.025989623435436492,1.153,164.155,23.096102997783206,163.05,86.561,0.29250101214399227,86.61500000000001,32.566,0.28312913178116716,32.5,545.4,8.09125583902966,544.1,4.148899999999999,0.21724807551688358,4.1775
260,P8,2.13255,0.09745631950020649,2.131,184.105,28.44739327619539,189.15,95.4805,0.28522336583991953,95.47999999999999,26.62625,0.25856321124732035,26.65,538.5350000000001,4.989280614741105,537.1,5.449199999999999,0.8697468839296082,5.491
261,P8,2.35895,0.031854066913776756,2.362,141.075,20.138882919942652,141.65,107.74000000000001,0.2909150717088534,107.7,41.6395,0.3830964561789153,41.605000000000004,538.0350000000001,7.071013848247309,537.0,4.83305,0.5981619631926844,4.853
262,P8,1.9264499999999998,0.03915754279694702,1.9365,237.09,29.870173470502223,236.55,99.675,0.25915855744068433,99.715,28.5265,0.27342419328523976,28.555,565.705,12.852092805208185,563.8,3.2204,0.3037976126859527,3.166
263,P8,3.81745,0.10125344698485973,3.819,219.475,29.819860478335052,218.2,96.8475,1.1017396530750325,97.055,31.384500000000003,0.30632756804990263,31.380000000000003,581.835,4.741671368665331,580.75,4.7517,0.1246600007599611,4.742
264,P8,2.53255,0.03390928300162384,2.5404999999999998,148.025,20.640656736797787,146.05,109.5,0.4812265031857862,109.5,28.258499999999998,0.36416125693520957,28.32,527.955,6.09801304999382,528.75,5.129,0.6622716885642053,5.242
265,P8,2.5386499999999996,0.12813285662689494,2.5469999999999997,126.828,22.615954917758952,131.75,105.48499999999999,0.5797231644228302,105.5,23.4235,0.17874636543967676,23.445,559.21,4.707988731373174,559.5,4.1739,0.11783212858263988,4.1434999999999995
266,P8,2.6258,0.03862042001461477,2.6260000000000003,138.12,17.656714840178182,132.2,126.06500000000001,0.3030980386816009,125.95,34.5845,0.3023500063102183,34.59,554.615,4.44122730785083,554.95,4.8645,0.8147035301907458,4.83
267,P8,2.8737500000000002,0.04230450392844216,2.8815,116.85,17.35834396661035,111.25,98.691,0.47782291368466845,98.61500000000001,28.926,0.3169824833280889,28.93,526.42,2.981451430357163,526.2,3.81135,0.4359670768593236,3.748
268,P8,2.7026499999999998,0.06132164982159328,2.702,150.72,24.947177880684745,147.95,102.15,0.4978902859487317,102.2,28.546,0.2635266889509935,28.545,522.845,4.823023183811051,521.5,4.748749999999999,0.4606043941331181,4.7225
269,P8,2.2845,0.10065914343910716,2.3135,233.84,59.047718437138435,229.2,99.487,0.3127147683045831,99.51,29.4615,0.47080306532114796,29.509999999999998,593.335,4.957001958951878,593.6,4.07175,0.1226908288083678,4.093999999999999
270,P8,2.15995,0.037659799870894003,2.1705,107.66,22.17123313998048,107.6,122.12,0.32702808506464986,122.05,34.513,0.3108917564209856,34.519999999999996,545.4300000000001,9.363091032570974,546.8,5.3598,0.3701778519917999,5.4
271,P8,2.38855,0.03847278600722721,2.395,150.075,5.616505281662914,149.5,92.368,0.2720023219715145,92.315,33.255,0.1958651523235733,33.230000000000004,527.5600000000001,2.9028842281608895,526.75,5.95715,0.3550327301442565,5.9785
272,P8,2.1512000000000002,0.009945112526155509,2.1544999999999996,188.55,18.82701027219865,190.6,94.2895,0.21164704978858076,94.29499999999999,37.37,0.3458323293158099,37.4,486.275,5.665302983489645,486.5,5.1363,0.5032718319577455,5.205
273,P8,2.415,0.15590651719945248,2.458,118.1,6.94959294529278,118.6,102.66,0.31355348742069983,102.7,36.598,0.2671211040156263,36.61,597.0699999999999,1.4715190862005731,597.0,4.21945,0.7379780680666387,4.2645
274,P8,2.2918,0.0787718891884395,2.338,162.825,11.814837905652453,160.75,107.45,0.33007176253211207,107.5,21.6785,0.276715225077106,21.735,575.7149999999999,4.885130499792207,576.75,5.3915,0.9394049908543732,5.4645
275,P8,2.43315,0.0829541883717817,2.45,172.29500000000002,22.655671417294645,171.45,113.575,0.30413812651491157,113.6,27.683,0.26817315694391075,27.65,587.6800000000001,10.303734632084684,589.95,5.9503,0.22222110847674123,5.9695
276,P8,2.49945,0.05008043530162261,2.503,133.245,19.85694827350975,133.25,80.474,0.24321097620660298,80.475,35.531,0.24882672051470872,35.56,587.2149999999999,1.7586702512499843,586.75,4.6566,0.2062439536593804,4.673
277,P8,2.6313500000000003,0.20290839908947259,2.4925,117.21,6.273494786967252,116.75,104.795,0.47955571543933095,104.6,32.7725,0.2942407714422803,32.79,531.48,3.772420694293855,531.8499999999999,4.17345,0.21985173831949856,4.144500000000001
278,P8,2.28985,0.11162874323304676,2.2960000000000003,138.32,16.149453306699368,137.3,92.54249999999999,0.25663562127121564,92.465,38.372,0.2838198094047114,38.394999999999996,513.39,3.927755486011647,513.1,4.67665,0.4515858926284709,4.513
279,P8,3.15635,0.027361661614671507,3.1550000000000002,116.38499999999999,9.886315635367161,111.0,92.5255,0.3430432687147883,92.54499999999999,32.5395,0.24775784017548533,32.55,516.39,14.082796522521273,511.15,4.357950000000001,0.029711729032576628,4.356
280,P8,2.4993,0.008838313723425093,2.5025,151.31,13.406004153677596,153.6,91.66,0.30282876870913733,91.59,38.343,0.21536016344719053,38.379999999999995,515.6850000000001,4.450106444616911,515.35,6.0273,0.22025059889995638,6.1155
281,P8,2.18835,0.01938603675464978,2.1915,155.25650000000002,58.06971266685006,135.7,84.056,6.018051267032508,85.375,20.575,0.3577635208375847,20.54,496.23999999999995,3.147998528722994,497.1,5.9395,0.27910524330815667,5.949999999999999
282,P8,2.4025000000000003,0.044334256684751924,2.41,135.28,17.472854133739784,133.95,112.025,0.41911561022806365,112.1,30.8245,0.20027546818792868,30.8,525.47,2.386827888311409,524.8499999999999,4.9773499999999995,0.28081521832355405,4.957
283,P8,2.7769,0.024001973603062436,2.787,122.98299999999999,28.695332666517494,123.45,104.835,0.4158377720116057,104.9,31.609500000000004,0.23022814771439273,31.6,520.245,2.5502270280774475,520.8499999999999,4.646800000000001,0.46321310316890674,4.718500000000001
284,P8,2.55735,0.02591946027703188,2.564,120.535,10.119250804387907,118.1,97.60350000000001,0.26543459894254334,97.63,26.639999999999997,0.20478486786201525,26.625,570.99,2.5248032752963776,570.9,5.508,0.47217971600919734,5.675
285,P8,2.3723,0.017541229627426463,2.3739999999999997,107.94149999999999,9.17714109536355,109.19999999999999,120.455,0.2665076280136696,120.5,37.5865,0.4311706830186154,37.685,492.86,3.9125170253538983,493.95000000000005,5.304,0.6170507101911223,5.359999999999999
286,P8,1.6220500000000002,0.029206118681212253,1.625,132.135,19.022487385086883,128.05,116.775,0.34316637057662974,116.85,34.6,0.27045770172256894,34.59,525.7149999999999,14.064897514922142,523.45,4.3594,0.09031605324461572,4.3415
287,P8,2.3303000000000003,0.05756104311259917,2.335,152.59,16.060277902819408,150.0,104.61500000000001,0.3328900561351816,104.6,28.52,0.2401096240864738,28.52,561.855,2.786145233680015,562.15,5.90805,0.20587207959773163,5.896000000000001
288,P8,2.4974,0.0722403881787088,2.514,145.95999999999998,17.725461912175934,147.85,104.35999999999999,0.2521486612465374,104.3,40.3195,0.22399424334708343,40.285,534.3149999999999,2.6695702394127028,534.5,5.05455,0.37674736404623943,5.05
289,P8,3.5252000000000003,0.1201838941832584,3.532,144.595,18.374423728879805,144.65,92.24300000000001,0.3588739699613076,92.34,38.566500000000005,0.39494536597517,38.48,423.325,3.4920774995921517,422.05,4.9725,0.6556726156759703,5.066
290,P8,2.9730999999999996,0.06468539247774573,2.995,126.0835,7.797158912402849,123.78,90.525,0.2354055850520228,90.56,42.596,0.30231388358877126,42.65,478.91,1.4628379051836482,479.0,4.99775,0.07632263580905785,4.992
291,P8,2.17875,0.03401064074977913,2.182,156.26500000000001,26.566981386676208,157.75,123.61500000000001,0.37874446322164973,123.6,37.6205,0.20392142449586134,37.599999999999994,536.02,4.74858427655851,534.55,4.997,0.4802181521810797,4.788
292,P8,2.8007999999999997,0.05774590438883289,2.814,135.4245,11.738180830542968,131.18,117.12,0.4237675629026091,117.2,43.379000000000005,0.1955801087722588,43.379999999999995,500.0,3.4707802853931278,499.8,4.42795,0.21826745423664837,4.4425
293,P8,2.28315,0.08145148701430867,2.2835,188.525,22.2029840336834,184.35,85.94,0.3654269312807489,85.94999999999999,33.506,0.29151870933910295,33.575,542.205,5.2225699461189645,541.9,4.9793,0.27857137420473727,4.954000000000001
294,P8,2.43175,0.02385896058088032,2.44,193.95,20.352744545301892,192.65,109.045,0.3203205631205948,109.05,27.6435,0.29624447585344826,27.604999999999997,632.83,14.858281405189125,629.1,5.23005,0.6787491184447122,5.095000000000001
295,P8,2.06235,0.045684587980492596,2.0825,94.0175,4.562074637705963,92.78999999999999,102.80499999999999,0.23502519461808102,102.75,26.790499999999998,0.40846922192884727,26.845,428.02,1.4222295321449658,428.20000000000005,4.31475,0.9625406006474414,4.621499999999999
296,P8,2.3916,0.03556521067737843,2.4035,154.54500000000002,11.83667249650312,151.9,98.061,0.3698634171804803,98.06,37.4205,0.20818703635256186,37.39,525.76,13.364264998396571,524.2,4.05505,0.19216152060181027,4.0794999999999995
297,P8,1.6001,0.03764082330326171,1.601,109.39000000000001,17.730108201646864,106.44999999999999,108.285,0.4782368935117693,108.2,28.075,0.25909762435685946,28.015,492.005,4.1035895711463395,491.6,4.7280500000000005,0.3366824952853634,4.751
298,P8,2.67035,0.02563154922726058,2.67,150.065,19.66086883018893,151.3,96.52799999999999,0.28489333183898463,96.5,43.150999999999996,0.43117831211936275,43.265,516.025,7.04286686543278,515.2,3.56745,0.2558382455668754,3.585
299,P8,2.5459,0.022374562624363905,2.552,103.64849999999998,9.818021708224007,99.27,95.77799999999999,0.3614968879534064,95.815,25.4535,0.2569512548488944,25.46,495.73,5.576463697400077,495.05,7.41375,0.7026453679900656,7.5815
300,P10,1.534,0.10155941999378336,1.577,203.155,10.012490883102485,202.4,99.338,0.7773747995319711,99.39,33.119,0.46565064835753184,33.11,623.475,3.2095047986615497,623.8,10.3586,0.30538593356776134,10.29
301,P10,3.8022,0.23023845762257228,3.8745000000000003,233.60999999999999,29.82416716973706,239.2,104.425,1.0104063799440275,104.45,44.6495,0.39259561356372114,44.655,643.365,3.5681743820969123,642.45,9.060550000000001,0.6043831544379948,9.185
302,P10,4.1242,0.22612353400647833,4.189500000000001,180.3965,13.908600623922931,183.49,88.8515,0.46883141398250383,88.86500000000001,91.8065,0.5721085193341688,91.91,590.725,2.756785885964442,591.3,7.26005,0.5294507059207687,7.377000000000001
303,P10,3.1237000000000004,0.2040959784538946,3.206,168.7005,22.168495539248585,164.9,77.25,0.4537794502549492,77.25999999999999,35.104,0.5116063453785329,35.135000000000005,732.35,8.432362470986755,732.05,6.6653,0.35370283393951213,6.587
304,P10,2.0231000000000003,0.08412140349706368,2.035,172.03,17.960808210627597,164.8,117.13,0.6728572226745141,117.19999999999999,45.065,0.5629013188267026,44.955,636.61,2.9253699721033595,636.0,6.673350000000001,0.6292453521146538,6.57
305,P10,2.2949,0.10566177419632787,2.3165,134.365,12.019207216171255,129.0,64.124,0.5234038392554724,64.1,29.527499999999996,0.7286243346558141,29.270000000000003,541.495,6.196134193783105,541.3,16.052,0.4646175563667504,16.005
306,P10,2.5544000000000002,0.1540404594835226,2.588,139.85999999999999,21.181183307733043,135.3,71.1665,0.5887388394293636,71.31,22.005000000000003,0.5321802227382035,22.09,541.095,3.7783977389475734,541.0,11.043000000000001,0.36993740580066536,11.085
307,P10,4.1236,0.3580129959417088,4.262,131.56,9.559971371901636,132.14999999999998,81.938,0.7178740543401302,81.63999999999999,22.8855,0.5317347478821212,22.869999999999997,766.8199999999999,1.9811214261783907,767.0,8.9588,0.5899143202730012,8.9595
308,P10,1.9154,0.09609282792668437,1.941,157.53,12.03683382044682,157.5,91.54299999999999,0.5778371651890161,91.47999999999999,34.3095,0.7722726202578971,34.265,526.04,3.730302654576006,525.3,8.8702,0.5327154469023979,8.809
309,P10,2.06085,0.06864038630120721,2.085,189.35,12.45101982718051,194.25,101.71000000000001,0.8025616880700766,101.6,30.764999999999997,0.9466589448659632,30.825000000000003,546.74,2.919877430736839,546.3499999999999,6.2695,0.7886214821479709,6.1945
310,P10,4.24685,0.1804961801607768,4.2725,116.845,9.010606323427382,116.85,115.285,0.7589986478040759,115.3,33.515,0.9140799227984153,33.629999999999995,808.875,4.4622244865561225,809.2,8.26625,0.5501906726906494,8.354
311,P10,3.25655,0.1896169199090353,3.2960000000000003,238.10999999999999,15.61405911687486,234.25,105.5,0.7711918322345428,105.3,27.994,0.46400317603268726,28.07,565.025,2.8363941155888828,565.3,7.702250000000001,0.3437711715968238,7.743
312,P10,2.87355,0.14717997396671234,2.923,175.895,15.924310280032131,174.7,79.95700000000001,0.5801732953450882,79.96,17.9555,0.4554867263650352,17.89,533.4449999999999,34.68256766734547,520.7,6.8889,0.5225252348476882,6.7935
313,P10,2.3701499999999998,0.5183985740518077,2.3609999999999998,115.80499999999999,8.831967951410194,115.19999999999999,89.591,0.8528768653026201,89.465,26.346500000000002,0.730229055628582,26.439999999999998,547.905,3.9020203943463274,546.75,8.96805,0.5083182255448381,9.0975
314,P10,2.31305,0.08317355032511382,2.3325,107.58250000000001,9.523555215746294,108.69999999999999,92.9485,0.5511354308678525,92.935,24.4665,0.6724446758695202,24.415,506.265,2.764678528947097,506.45,9.16835,0.6064561662469498,9.048
315,P10,1.89615,0.07888317477864275,1.9060000000000001,212.045,26.98792078729024,208.4,75.9965,0.568435294655885,76.18,24.285,0.4803671841195517,24.295,666.7,6.87681076632112,664.7,18.1615,0.6947795939796492,17.99
316,P10,2.4582,0.11313829450813959,2.503,201.76,21.35401848044433,199.0,101.15,0.7633030714908505,101.1,31.002499999999998,0.44575040219009465,31.065,665.125,3.6825155875612565,665.3499999999999,15.619499999999999,0.773430328914124,15.465
317,P10,2.70235,0.15573400906336218,2.7545,137.785,20.4289339444148,132.7,92.111,0.5869089412022582,91.995,20.9625,0.5300831613008824,20.94,576.1674,0.417261422536099,576.25,8.21055,0.6045208171941249,8.209499999999998
318,P10,2.8067,0.08977052616767398,2.8335,196.255,15.194267443937365,193.75,96.015,0.5944612775667701,95.9,31.575499999999998,0.5151542947199622,31.45,596.9100000000001,18.4389433422566,594.9,8.09285,0.5800636330792102,8.02
319,P10,2.83395,0.11314940053798464,2.8545,176.75,0.5286527066141978,176.64999999999998,110.155,0.6336818062552754,110.1,47.848,0.7270604115926459,47.93,608.375,5.980835621954716,607.5999999999999,6.659000000000001,0.6407791310091502,6.3695
320,P10,3.6627,0.15513936010127016,3.7275,198.625,33.54247699794836,211.35,73.0965,0.5588077063101219,73.025,29.107,0.5267187404857997,29.115,815.33,9.245146664174905,816.25,8.4537,0.823912686993879,8.591
321,P10,2.31205,0.11848227715569956,2.3395,184.76,18.578578496412696,187.4,86.01,0.5336665625650543,86.01,24.973499999999998,0.5716391482303093,24.955,578.67,6.33703400653647,577.55,9.01235,0.5056066991353324,8.942499999999999
322,P10,2.40855,0.16602931732235218,2.432,175.07999999999998,5.460634241165535,174.55,97.14099999999999,0.7963528707406311,97.075,38.153499999999994,0.6522533815046176,38.055,603.0350000000001,4.321461132046624,602.25,7.337949999999999,0.3221360410562104,7.4575
323,P10,2.7666,0.14586128955097608,2.73,199.54500000000002,11.7761791229941,200.2,89.29650000000001,0.7879238207900706,89.28999999999999,38.3795,0.8883306342739024,38.39,628.155,7.3370347516806,626.0,7.350350000000001,0.5610307501657809,7.3835
324,P10,4.02695,0.045653702219160666,4.044,175.5535,12.912579861677935,175.575,85.2615,0.7280563526483218,85.24000000000001,55.986000000000004,0.5759331101511889,56.004999999999995,633.15,2.3288804629105115,633.45,7.9839,0.639216946946151,7.999499999999999
325,P10,3.79145,0.42721121055170425,3.7485,217.4,24.61777278394829,220.95,50.452999999999996,1.7833000160849057,50.46,30.3865,1.5463208457156412,30.39,621.76,4.021835140173853,621.5,4.73175,0.5554615790398773,4.7545
326,P10,2.0860499999999997,0.23263965245576002,2.0845000000000002,163.315,36.136077249023145,146.3,93.68350000000001,3.0415842046019748,93.28,26.4565,2.8619266146022024,26.365000000000002,566.425,3.4863455455760537,566.55,8.61745,0.8712473499166822,8.48
327,P10,2.026,0.15018234530764682,1.984,143.09,4.132018749639014,142.3,107.965,2.5886950583765502,107.69999999999999,28.071500000000004,3.831195051979968,28.85,605.8199999999999,3.9489638880943763,605.8,7.514799999999999,0.8651314229337461,7.7065
328,P10,1.9848,0.30191766043775997,1.949,261.95500000000004,22.95802749183363,265.35,69.92999999999999,2.877888480338174,69.795,28.883,2.2894313244720155,29.03,595.235,3.292459487022464,595.7,6.3353,0.9168825385367986,6.2735
329,P10,2.6207000000000003,0.27385649334527096,2.6505,170.155,17.722257044091254,164.7,59.8165,2.8396187197728158,60.055,23.0975,1.6554817234998718,22.795,725.8199999999999,5.0577298839447025,724.4,6.686249999999999,0.3635391638932601,6.673
330,P10,2.2925999999999997,0.2715232664257821,2.243,181.20499999999998,16.015337221419642,186.4,62.577999999999996,4.932043027088534,63.175,27.3485,1.5434284291114617,27.22,646.605,2.930326908294304,646.1500000000001,6.01215,0.7402167019119965,6.064
331,P10,2.43255,0.2169643373557289,2.5015,360.005,19.739073593149946,359.4,85.54299999999999,2.5920365900601268,84.78999999999999,23.0815,1.91712305016493,23.005000000000003,648.42,12.891964041297399,642.7,7.157349999999999,0.7412235457247984,7.1245
332,P10,1.6778,0.158747598407031,1.6785,242.83499999999998,20.751417833614735,243.2,84.327,3.8872789833940185,84.64,28.0685,1.9383261226880109,28.14,608.41,4.812910269593427,607.3499999999999,8.6586,0.8529065722883321,8.791
333,P10,2.56695,0.2820926452893018,2.62,250.865,13.975402263300076,250.45,79.44800000000001,2.9462189863941655,79.43,30.72,3.5716471211325937,30.615000000000002,709.405,2.432125992235048,709.2,15.618,0.9447617354878983,15.655000000000001
334,P10,2.9902,0.5673543031150444,2.9610000000000003,167.293,9.538169359832212,167.46,70.437,3.4057893435489452,70.25,30.151999999999997,2.0116832438741974,29.895,637.9300000000001,2.8120230589756345,636.95,8.0448,0.5169226349525776,7.948
335,P10,2.44545,0.08481712525688505,2.4610000000000003,170.195,10.105625062050189,166.5,90.0745,0.598634191085708,90.135,58.98,0.6618395416922215,59.015,625.74,3.7591152374489543,625.05,8.4003,0.7134106442774883,8.219999999999999
336,P10,2.6633500000000003,0.08292563250476745,2.699,173.22,20.540117357323723,171.45,89.9915,0.5007181684446133,89.97,59.1915,0.6677399036656174,59.095,615.335,19.792456697066765,618.9000000000001,7.1098,0.7124625641134821,6.9544999999999995
337,P10,2.7504999999999997,0.08101819158942672,2.79,173.685,42.20489214596611,165.55,93.7415,0.7591080292026983,93.82499999999999,26.041500000000003,0.8357365172802906,25.92,650.615,20.548793664169974,655.5999999999999,14.9355,0.35226298489383706,14.945
338,P10,2.4219999999999997,0.10155941999378343,2.451,201.59,39.87294162316357,207.4,74.4255,0.8243113553302066,74.37,24.3975,0.7437166622338174,24.32,663.765,3.991210738346776,663.65,7.373099999999999,0.6804987257809337,7.696
339,P10,2.7159500000000003,0.148386931968241,2.777,221.695,21.073167648382668,224.8,99.0865,0.6707362412030227,98.985,18.061,0.8713262728072709,17.84,674.275,10.320234340464609,674.85,6.518600000000001,0.5516829180836244,6.537
340,P10,1.7878,0.14049146818073657,1.805,206.57000000000002,17.803462111564002,207.9,82.3935,0.9545198572553311,82.245,26.241500000000002,0.5004553190003965,26.15,612.665,3.509577122524514,611.8,6.22675,0.2372688625966219,6.1845
341,P10,1.8942,0.044196451393629606,1.8955,181.41,14.177294671781574,174.4,106.47,0.8498297043030376,106.45,38.0475,0.6161328889469422,37.945,665.255,2.9821354058706757,664.6,16.7135,0.5139247845847933,16.64
342,P10,2.2693000000000003,0.08863710759103806,2.2990000000000004,165.981,9.774533452320183,162.43,98.143,0.6372151582430658,97.975,25.8685,0.6111014645703275,25.9,605.77,4.079357534555771,605.6,5.48845,0.3177076569161629,5.4205000000000005
343,P10,2.04915,0.02699566241961264,2.0620000000000003,225.83,13.559813304102141,224.25,91.0685,0.7388915952111553,91.14500000000001,30.991500000000002,0.5007181684446117,30.97,653.565,1.823898369744831,654.1500000000001,14.991999999999999,0.6096211075224033,14.855
344,P10,1.89995,0.0363194525231169,1.902,255.66,31.70046322092238,262.4,82.2915,0.7507349031028516,82.32,38.283,1.9922483992239832,38.32,617.2850000000001,4.310363887435154,615.85,6.13075,0.6902378594597511,5.93
345,P10,2.64925,0.16588197294271734,2.706,151.13,10.573009331112385,149.85,79.075,0.586043828071805,79.06,17.85,1.063554121058751,17.835,641.89,3.2390544429216592,641.45,5.25145,0.1478856154707339,5.2455
346,P10,3.1213,0.107968367687266,3.146,207.24499999999998,12.80458285557415,206.75,98.456,0.8212147613204034,98.505,52.212,0.9189101095720318,52.019999999999996,555.915,2.8560692531777514,556.5,7.2921499999999995,0.2748211427934825,7.326499999999999
347,P10,1.6905000000000001,0.09313289881725602,1.709,144.825,22.535466199795046,140.2,82.55,0.7880021373201046,82.49000000000001,21.65,0.7018021913541399,21.65,675.625,1.1710881130047677,675.5,14.504,0.7574778092980332,14.440000000000001
348,P10,3.167645,0.029613732145390592,3.175,245.20999999999998,26.24948921808816,243.45,84.87899999999999,0.5445896572070048,84.935,44.5,0.6762123615364763,44.53,606.245,9.058318363744238,604.8,4.119249999999999,0.31174312553092415,4.0215
349,P10,2.806,0.05670329053851055,2.818,147.005,12.559520398151326,147.95,89.2665,0.2714536889842489,89.255,27.458499999999997,0.2196474447836813,27.445,660.175,4.107871135169448,658.6500000000001,5.1112,0.40975828561675076,5.1635
350,P10,1.67305,0.025820177748175313,1.673,205.97999999999996,23.951784902173777,206.7,107.00999999999999,0.2989455151906987,107.0,40.316,0.15329366382346493,40.295,712.52,2.766833645352162,712.45,5.6037,0.442258450277782,5.6445
351,P10,1.3639,0.021793045728058836,1.3635000000000002,173.59449999999998,12.758085764268127,169.16,80.5925,0.26926557033609133,80.61,25.446,0.2789717963484753,25.42,720.295,33.889735676315425,728.4,8.223650000000001,0.874565713278371,8.2135
352,P10,2.02155,0.06316767577770999,2.036,276.3,12.568213874691983,272.6,88.444,0.22679459754077996,88.445,25.264000000000003,0.33246131551774605,25.335,620.9350000000001,3.081229248889187,620.3499999999999,5.179399999999999,0.12298711956521045,5.1525
353,P10,2.16775,0.023552572772640484,2.1745,173.3165,15.90516873121506,172.2,87.4747,0.2753365596004848,87.53,40.9875,0.33518062687389744,41.0,646.4100000000001,4.937919868889992,645.15,7.705150000000001,0.4891816232508292,7.567
354,P10,2.34845,0.07093397597321338,2.3735,184.20250000000001,11.171758036745114,180.44,94.22,0.956226134893118,94.015,53.53099999999999,0.4082555958942221,53.61,719.8,4.763457390991285,721.3,5.99935,0.6044638576980083,5.9254999999999995
355,P10,2.02545,0.03278715249028275,2.028,175.775,5.618004421875317,175.5,86.11449999999999,0.4382918398078002,86.13499999999999,24.946,0.25738359658197574,24.965,750.395,2.9585691776511434,750.0,6.711749999999999,0.19261438843341613,6.747
356,P10,3.6622,0.1977860619856451,3.7545,184.68,12.473280917309024,183.65,85.2505,0.26488279433900863,85.23,37.150999999999996,0.1828977281088213,37.144999999999996,713.61,2.735901660282546,713.1,5.30845,0.3591250295399989,5.331
357,P10,2.53985,0.039801183531728256,2.5355,192.76,16.92165849778885,188.3,103.49000000000001,0.24687520819444758,103.5,25.299500000000002,0.35848328155981646,25.27,632.475,1.8555393598060401,632.2,5.91625,0.43006888983045477,5.9745
358,P10,2.61855,0.07208874282511293,2.6310000000000002,197.675,10.880009433045444,196.0,84.274,0.2870980027062103,84.28,36.054500000000004,0.2661909682520194,36.075,657.675,1.045730668756982,657.55,6.646850000000001,0.21514897531465807,6.6965
359,P10,2.82415,0.015387195633827691,2.827,141.895,11.420594278942344,139.1,114.01500000000001,0.5508605707627403,114.1,46.137,0.1852480556045422,46.15,622.795,1.5500339554854186,622.75,15.311000000000002,1.1977606298070538,15.285
360,P10,3.3552999999999997,0.03375780611479682,3.3545,194.72750000000002,9.423452755869546,191.69,79.809,0.3645602975178645,79.86,35.418,0.4871355587837672,35.35,690.725,7.554843340184943,691.55,5.40295,0.6432296369023068,5.2455
361,P10,1.49275,0.14210628898265232,1.4794999999999998,186.3075,8.669389509860785,185.21,96.14500000000001,0.33081239714566657,96.02000000000001,38.061,0.24772437994887272,38.075,584.0649999999999,2.928674030845248,584.45,8.34375,0.7640418750579743,8.329
362,P10,2.06295,0.02205847491984593,2.0705,127.04,12.742651132897615,121.0,109.65,0.37486839796050214,109.65,26.421,0.34843862254952457,26.52,647.325,5.085570402205593,646.2,7.5146,0.4791089756269608,7.431
363,P10,2.6192,0.16552233113771445,2.669,157.625,13.396734676778516,154.0,85.251,0.3941533230930051,85.2,29.345,0.19508432724553215,29.415,825.7950000000001,2.2298158998824134,825.8,7.04435,0.9089409844197227,7.208500000000001
364,P10,2.0408,0.058832143022599405,2.029,196.845,16.95683296522456,194.8,93.37100000000001,0.4079331730617312,93.4,28.35,0.21420600021081515,28.295,649.7349999999999,3.0992825995024655,649.5,14.2,0.45760244754590157,14.274999999999999
365,P10,2.5634,0.049457477748699914,2.5795000000000003,211.67,18.241713331350155,213.15,92.1535,0.3263881286540866,92.19,40.7395,0.29357102610513347,40.825,710.0899999999999,3.202285368131203,709.05,7.267149999999999,0.2847553474383524,7.2475000000000005
366,P10,2.0163,0.017909421219599816,2.0195,183.105,17.520348320257728,176.7,124.08,0.3349783967896827,124.0,45.2085,0.4450579501001735,45.31,650.8149999999999,6.930882453118615,651.7,15.148500000000002,0.6946583787430295,14.9
367,P10,2.7861000000000002,0.03676511504416284,2.8,190.535,14.12419629758209,191.45,106.57000000000001,0.2129986409642826,106.6,44.567,0.23079040388698188,44.605000000000004,631.3100000000001,5.398723045898483,631.05,17.75,0.6435673603970453,17.634999999999998
368,P10,1.82695,0.034861341883162485,1.8315000000000001,182.375,18.7044288310212,182.7,82.57050000000001,0.259401639405605,82.62,33.2295,0.14837629971052918,33.195,686.54,2.305919156842847,687.05,17.224,0.525030324938724,17.235
369,P10,2.5993500000000003,0.08586052030688164,2.636,148.2095,8.158097994921167,146.395,86.716,0.2598461083025861,86.725,32.068,0.359730893571116,32.03,730.625,3.2088487852056238,730.8,8.886050000000001,1.0096604679427221,8.71
370,P10,2.0437000000000003,0.22881090791076233,2.0825,227.18,31.408222188666326,215.45,90.634,0.28590392202902737,90.59,43.5155,0.22605250903740354,43.474999999999994,638.79,2.9841511179457356,637.8,13.623000000000001,0.7054308127512912,13.69
371,P10,2.5655,0.05656156403703662,2.584,136.875,7.59292433782927,135.95,97.7715,0.3590231630117299,97.71000000000001,25.6145,0.27283067816389145,25.645000000000003,614.1600000000001,13.06036188746619,612.9000000000001,7.8831999999999995,0.5940434681950995,7.714
372,P10,1.3037,0.03623185571318501,1.2934999999999999,177.23,10.631784521201656,176.15,83.47,0.20963627649109928,83.495,24.022,0.15652812089710597,24.020000000000003,650.895,2.6077768309423965,651.05,4.887,0.2511990194415996,4.974
373,P10,2.07415,0.19308718374432773,2.0385,153.04000000000002,10.043348152148418,154.85,83.647,0.4413150205560928,83.56,22.2745,0.25330395720723015,22.345,629.01,4.6270258720967385,630.35,6.14015,0.3685518281056276,6.144
374,P10,1.6721499999999998,0.029940774873072354,1.682,216.66,21.82257160783182,211.35,114.71,0.3193743884534286,114.7,32.031,0.41284507097890916,32.06,635.58,4.504804452791981,634.55,5.211650000000001,0.12134174228620861,5.218
375,P10,2.8181000000000003,0.03391925396399041,2.823,143.6995,3.565137444755829,143.25,79.0755,0.36319452523116774,79.16499999999999,25.4615,0.33947753975778555,25.36,639.8399999999999,1.529155253554622,639.9,4.39205,0.30302761295057973,4.323
376,P10,2.0888,0.03352705113628013,2.0905,170.673,5.39906824320056,170.38,86.252,0.3415537254494853,86.31,34.555,0.35448257324844856,34.605000000000004,643.0350000000001,2.2257523860956683,642.2,5.98985,0.3622180609580513,5.944000000000001
377,P10,2.35945,0.055326280992138197,2.3655,271.825,20.388770774232814,269.0,100.755,0.379022287915683,100.8,57.24249999999999,0.3363875427945695,57.25,667.8,4.368306910366759,666.65,5.6624,0.3180652697002205,5.624499999999999
378,P10,2.383,0.031239313962411194,2.3899999999999997,169.88,11.928100391402161,167.75,94.14750000000001,0.21065999045605605,94.16499999999999,39.4795,0.24658669874914046,39.38,600.3100000000001,4.325432743790215,601.05,8.5856,0.4256882229494898,8.493500000000001
379,P10,2.55405,0.03533222027376276,2.5620000000000003,150.7005,9.924472927805127,151.95499999999998,110.88499999999999,0.4416178390752287,110.94999999999999,45.4765,0.2570536499397893,45.459999999999994,655.73,2.677606944151493,655.25,4.4899000000000004,0.20553137806286706,4.5315
380,P10,2.6133499999999996,0.03934633668496116,2.623,139.3245,10.870888442363654,138.39999999999998,99.95349999999999,0.3658483292294816,99.945,31.1025,0.23664041119497387,31.05,620.575,7.354831924087661,618.3499999999999,8.19195,0.8682084684779581,8.119
381,P10,2.9086,0.0851131754288308,2.9015,145.3545,7.5767862059402455,144.61,80.7525,0.30054117854297696,80.68,37.4685,0.2654742528897464,37.48,630.21,4.123348154109698,629.45,5.07435,0.17485250175053504,5.1035
382,P10,2.3205999999999998,0.051414108241958474,2.3209999999999997,193.889,13.006317452846151,197.405,99.014,0.26915853281936747,99.015,30.2985,0.3116724832931287,30.18,726.75,6.977520295469169,728.6,10.083549999999999,1.174657866202571,10.114999999999998
383,P10,1.7257000000000002,0.01652780750894178,1.73,138.745,18.01123845065397,138.55,101.725,0.28446625921465585,101.65,38.097,0.18937848485589925,38.105000000000004,623.37095,0.3704568268048441,623.2125000000001,8.85305,0.6503162368376924,8.8915
384,P10,2.1126,0.02508385935218114,2.1205,187.41500000000002,12.706335137701146,186.62,97.852,0.36223865352176365,97.78999999999999,29.544999999999998,0.2596455073242829,29.575,730.0550000000001,7.65372114519604,728.85,7.55145,0.6653176902408116,7.5925
385,P10,2.9607,0.040611250709754416,2.968,201.6275,17.180410164517394,194.69,100.765,0.31834274809261176,100.8,34.39,0.28382722691250417,34.37,565.125,2.5630727857912188,564.4,6.4060999999999995,0.47414908825678104,6.34
386,P10,2.3232,0.03113231524688749,2.327,166.775,10.864034096140585,164.55,93.2655,0.3810163002453209,93.235,30.131,0.3699914650509206,30.09,666.995,7.852352982923132,665.8,5.787599999999999,0.5128660849116768,5.75
387,P10,2.24345,0.07948218933228152,2.263,194.9325,5.640101599495493,193.3,90.538,0.3795093785679768,90.58,28.601999999999997,0.3229404377215545,28.575000000000003,722.2,2.2543525152818886,722.0,7.34345,0.26550973319457194,7.2815
388,P10,3.32205,0.07698631115505641,3.3135000000000003,228.48499999999999,30.412363742745374,230.35000000000002,68.2825,0.2020910425369817,68.215,28.833999999999996,0.352052627644758,28.795,611.905,4.578148901949446,611.8,6.6821,0.33189962020878666,6.6015
389,P10,2.76835,0.22538067796508202,2.7264999999999997,183.95,22.65485889558679,180.6,91.76,0.3835018698918285,91.75,40.048500000000004,0.3272899085070088,40.025000000000006,659.02,3.8116994414012964,658.4,6.3961500000000004,0.2136103868458203,6.3505
390,P10,3.2131999999999996,0.08423500959877248,3.2125000000000004,130.57999999999998,4.999747362038459,130.35000000000002,92.5735,0.22686130703929364,92.63,33.4285,0.38369772916766365,33.46,598.64,7.44448930771155,598.2,6.95715,0.4492254474443522,7.044
391,P10,2.6422,0.6139048957718384,2.5105,181.164,9.633999770549476,181.605,86.107,0.14257408046715003,86.105,33.644999999999996,0.25305501794128354,33.575,640.73,6.168945998859293,640.0,6.6973,0.43775420885289146,6.651
392,P10,2.2591,0.08729134520310938,2.2755,271.65999999999997,28.042400227625244,263.9,90.417,0.20906055531704965,90.37,28.185000000000002,0.24959967948697462,28.165,518.98,3.6521947258860106,518.45,6.3258,0.5622583785151858,6.1805
393,P10,2.15385,0.030437641170103967,2.154,174.20999999999998,14.163031938261332,170.1,113.64500000000001,0.36631163034540964,113.65,34.5355,0.2718837793500835,34.61,622.4449999999999,3.11456256960748,622.15,12.606,1.0173101788540213,12.635
394,P10,2.8926,0.06238538965258818,2.907,215.19,18.836635636579665,210.6,85.4385,0.22797218205182734,85.465,36.561,0.23993200791276817,36.485,622.22,3.2915521854398198,621.3499999999999,7.034650000000001,0.6253404357038781,7.0545
395,P10,2.10725,0.05800623832149884,2.1100000000000003,189.57,10.45094304483168,190.95,110.55999999999999,0.3454973531774603,110.6,36.413,0.2490635091275859,36.38,630.55,1.3585983489185463,630.8,9.2543,0.6096786988155919,9.25
396,P10,2.3569,0.052401185201541946,2.3765,217.21999999999997,33.72437194608514,210.85,110.845,0.4382681226925084,110.95,40.347500000000004,0.2942228836497223,40.345,611.21,12.6264926162998,604.65,8.0987,0.5613933886697503,7.9
397,P10,2.4287,0.07897907784243938,2.449,161.19,10.086496966372,158.97500000000002,102.44000000000001,0.23033156878497474,102.5,38.581,0.16593911375466633,38.585,670.4449999999999,4.201187175574393,669.0,7.0139499999999995,0.16401298889513524,6.9775
398,P10,2.90395,0.04945862172723693,2.925,208.44,27.078976113738516,203.5,99.8005,0.2510079680010213,99.845,37.554,0.19866395853564683,37.59,640.845,5.943725130004964,641.25,9.54495,0.45328664975058086,9.4925
399,P10,1.9203500000000002,0.023106788703983226,1.923,180.1975,8.320588842396342,181.3,95.241,0.3866169054489765,95.235,38.37,0.17462742293839525,38.39,611.25,7.42509968035164,612.5,7.784050000000001,0.6691394689803976,7.961499999999999
